amc,documents,downloaded,parsed,months_available,latest_month,document_links
360 ONE Mutual Fund,0,0,0,,,
Abakkus Mutual Fund,9,9,9,"2026-09, 2026-07, 2026-06",2026-09,https://www.abakkusmf.com/uploads/Abakkus_Fund_Spectrum_Sep_2026_0d434fa086.pdf | https://www.abakkusmf.com/uploads/Abakkus_MF_Average_Asset_Under_Management_for_the_Month_of_July_26_524c928a99.xlsx | https://www.abakkusmf.com/uploads/Abakkus_MF_Monthly_portfolio_cdd2c9e21d.pdf | https://www.abakkusmf.com/uploads/Abakkus_MF_Scheme_Dashboard_July_2026_546aeb078b.xlsx | https://www.abakkusmf.com/uploads/Abakkus_Mutual_Fund_Factsheet_July_2026_7d7bfc4d4b.pdf | https://www.abakkusmf.com/uploads/Abakkus_Small_Cap_Fund_June_2026_2ed4c96582.xlsx | https://www.abakkusmf.com/uploads/Investor_Complaints_July_2026_7a1ae0ad49.xlsx | https://www.abakkusmf.com/uploads/Monthly_Scheme_Performance_July_2026_17f76809c4.pdf
Aditya Birla Sun Life Mutual Fund,2,2,2,2026-08,2026-08,https://mutualfund.adityabirlacapital.com/-/media/bsl/files/resources/factsheets/2026/absl-factsheet_aug-2026.pdf
AlphaGrep Mutual Fund,2,2,2,2026-09,2026-09,https://www.alphagrepmf.ai/assets/images/pdf/regulatory-disclosure/List_of_Group_Company_(AMC-&-SPONSOR)_as_on_Sept_2026.pdf
Angel One Mutual Fund,13,13,13,"2026-09, 2026-07",2026-09,https://cms.angelonemf.com/amc-cms/wp-content/uploads/formidable/15/Factsheet-Angel-One-Mutual-Fund-Schemes-Jul-2026.pdf | https://cms.angelonemf.com/amc-cms/wp-content/uploads/formidable/20/July-2026-4.xlsx | https://cms.angelonemf.com/amc-cms/wp-content/uploads/formidable/20/July-2026-5.xlsx | https://cms.angelonemf.com/amc-cms/wp-content/uploads/formidable/20/July-2026.pdf | https://cms.angelonemf.com/amc-cms/wp-content/uploads/formidable/20/Monthly-Portfolio-July-2026-Angel-One-Gold-ETF-FOF.xlsx | https://cms.angelonemf.com/amc-cms/wp-content/uploads/formidable/20/Monthly-Portfolio-July-2026-Angel-One-Gold-ETF.xlsx | https://cms.angelonemf.com/amc-cms/wp-content/uploads/formidable/20/Monthly-Portfolio-July-2026-Angel-One-Nifty-1D-Rate-Liquid-ETF-GROWTH.xlsx | https://cms.angelonemf.com/amc-cms/wp-content/uploads/formidable/20/Monthly-Portfolio-July-2026-Angel-One-Nifty-50-ETF.xlsx | https://cms.angelonemf.com/amc-cms/wp-content/uploads/formidable/20/Monthly-Portfolio-July-2026-Angel-One-Nifty-50-Index-Fund.xlsx | https://cms.angelonemf.com/amc-cms/wp-content/uploads/formidable/20/Monthly-Portfolio-July-2026-Angel-One-Silver-ETF-FOF.xlsx | https://cms.angelonemf.com/amc-cms/wp-content/uploads/formidable/20/Monthly-Portfolio-July-2026-Angel-One-Silver-ETF.xlsx | https://cms.angelonemf.com/amc-cms/wp-content/uploads/formidable/20/September-2026-3.xlsx
ASK MUTUAL FUND,54,54,54,"2026-10, 2026-09, 2026-08",2026-10,https://www.askmutualfund.com/assests/pdf/Statutory-Disclosures/ASKMF_SEBI_TRANSACTION_REPORT_01.09.2026.xlsx | https://www.askmutualfund.com/assests/pdf/Statutory-Disclosures/ASKMF_SEBI_TRANSACTION_REPORT_02.09.2026.xlsx | https://www.askmutualfund.com/assests/pdf/Statutory-Disclosures/ASKMF_SEBI_TRANSACTION_REPORT_03.09.2026.xlsx | https://www.askmutualfund.com/assests/pdf/Statutory-Disclosures/ASKMF_SEBI_TRANSACTION_REPORT_04.09.2026.xlsx | https://www.askmutualfund.com/assests/pdf/Statutory-Disclosures/ASKMF_SEBI_TRANSACTION_REPORT_07.09.2026.xlsx | https://www.askmutualfund.com/assests/pdf/Statutory-Disclosures/ASKMF_SEBI_TRANSACTION_REPORT_08.09.2026.xlsx | https://www.askmutualfund.com/assests/pdf/Statutory-Disclosures/ASKMF_SEBI_TRANSACTION_REPORT_09.09.2026.xlsx | https://www.askmutualfund.com/assests/pdf/Statutory-Disclosures/ASKMF_SEBI_TRANSACTION_REPORT_10.09.2026.xlsx | https://www.askmutualfund.com/assests/pdf/Statutory-Disclosures/ASKMF_SEBI_TRANSACTION_REPORT_11.09.2026.xlsx | https://www.askmutualfund.com/assests/pdf/Statutory-Disclosures/ASKMF_SEBI_TRANSACTION_REPORT_13.08.2026.xlsx | https://www.askmutualfund.com/assests/pdf/Statutory-Disclosures/ASKMF_SEBI_TRANSACTION_REPORT_14.08.2026.xlsx | https://www.askmutualfund.com/assests/pdf/Statutory-Disclosures/ASKMF_SEBI_TRANSACTION_REPORT_15.09.2026.xlsx | https://www.askmutualfund.com/assests/pdf/Statutory-Disclosures/ASKMF_SEBI_TRANSACTION_REPORT_16.09.2026.xlsx | https://www.askmutualfund.com/assests/pdf/Statutory-Disclosures/ASKMF_SEBI_TRANSACTION_REPORT_17.08.2026.xlsx | https://www.askmutualfund.com/assests/pdf/Statutory-Disclosures/ASKMF_SEBI_TRANSACTION_REPORT_17.09.2026.xlsx | https://www.askmutualfund.com/assests/pdf/Statutory-Disclosures/ASKMF_SEBI_TRANSACTION_REPORT_18.08.2026.xlsx | https://www.askmutualfund.com/assests/pdf/Statutory-Disclosures/ASKMF_SEBI_TRANSACTION_REPORT_18.09.2026.xlsx | https://www.askmutualfund.com/assests/pdf/Statutory-Disclosures/ASKMF_SEBI_TRANSACTION_REPORT_19.08.2026.xlsx | https://www.askmutualfund.com/assests/pdf/Statutory-Disclosures/ASKMF_SEBI_TRANSACTION_REPORT_20.08.2026.xlsx | https://www.askmutualfund.com/assests/pdf/Statutory-Disclosures/ASKMF_SEBI_TRANSACTION_REPORT_21.08.2026.xlsx | https://www.askmutualfund.com/assests/pdf/Statutory-Disclosures/ASKMF_SEBI_TRANSACTION_REPORT_21.09.2026.xlsx | https://www.askmutualfund.com/assests/pdf/Statutory-Disclosures/ASKMF_SEBI_TRANSACTION_REPORT_24.08.2026.xlsx | https://www.askmutualfund.com/assests/pdf/Statutory-Disclosures/ASKMF_SEBI_TRANSACTION_REPORT_25.08.2026.xlsx | https://www.askmutualfund.com/assests/pdf/Statutory-Disclosures/ASKMF_SEBI_TRANSACTION_REPORT_27.08.2026.xlsx | https://www.askmutualfund.com/assests/pdf/Statutory-Disclosures/ASKMF_SEBI_TRANSACTION_REPORT_28.08.2026.xlsx | https://www.askmutualfund.com/assests/pdf/Statutory-Disclosures/ASKMF_SEBI_TRANSACTION_REPORT_31.08.2026.xlsx | https://www.askmutualfund.com/assests/pdf/Statutory-Disclosures/ASK_Liquid_Fund_Fortnightly_Portfolio_Disclosures_15092026.xlsx
Axis Mutual Fund,0,0,0,,,
Bajaj Finserv Mutual Fund,24,24,24,"2026-10, 2026-09, 2026-08, 2026-07",2026-10,https://media.bajajamc.com/wp-content/uploads/2025/05/Invest_in_Quality_Portfolio_backed_by_Strong_Fundamentals_Bajaj_Finserv_Large_and_Mid_Cap_Fund-1.pdf | https://media.bajajamc.com/wp-content/uploads/2025/06/Invest_in_Quality_Portfolio_backed_by_Strong_Fundamentals_Bajaj_Finserv_Large_and_Mid_Cap_Fund.pdf | https://media.bajajamc.com/wp-content/uploads/2025/08/Bajaj_Finserv_Small_Cap_Fund_Portfolio.pdf | https://media.bajajamc.com/wp-content/uploads/2025/09/bajaj_finserv_balanced_advantage_fund_portfolio_stance.pdf | https://media.bajajamc.com/wp-content/uploads/2026/07/Abridged-Factsheet_July-2026.pdf | https://media.bajajamc.com/wp-content/uploads/2026/07/Bajaj-Finserv-Arbitrage-Fund-July-2026.pdf | https://media.bajajamc.com/wp-content/uploads/2026/07/FOMC-July-2026.pdf | https://media.bajajamc.com/wp-content/uploads/2026/08/Bajaj-AMC-Arbitrage-Note-August-2026.pdf | https://media.bajajamc.com/wp-content/uploads/2026/08/Bajaj-AMC-Debt-Outlook-August-2026.pdf | https://media.bajajamc.com/wp-content/uploads/2026/08/Bajaj-AMC-Mutual-Fund-Industry-Update-Jul-2026.pdf | https://media.bajajamc.com/wp-content/uploads/2026/08/MPC-update-August-2026.pdf | https://media.bajajamc.com/wp-content/uploads/2026/09/Bajaj-Finserv-Arbitrage-Fund-August-2026.pdf
Bandhan Mutual Fund,0,0,0,,,
Bank of India Mutual Fund,2,2,2,"2026-08, 2026-07",2026-08,https://www.boimf.in/docs/default-source/investorcorner/factsheets/factsheet-august-2026.pdf?sfvrsn=73d1ef4f_5 | https://www.boimf.in/docs/default-source/investorcorner/factsheets/factsheet-july-2026.pdf?sfvrsn=ecfba920_3
Baroda BNP Paribas Mutual Fund,8,8,8,"2026-08, 2026-07",2026-08,https://www.barodabnpparibasmf.in/assets/download_documents/BBNPP_MF_Fund_Facts_August_2026_19985.pdf | https://www.barodabnpparibasmf.in/assets/download_documents/BBNPP_MF_Fund_Facts_July_2026_19491.pdf | https://www.barodabnpparibasmf.in/assets/download_documents/BOBBNPMF_Monthly_Portfolio_31-07-2026_19490.xls | https://www.barodabnpparibasmf.in/assets/download_documents/BOBBNPMF_Monthly_Portfolio_31-08-2026_19961.xls | https://www.barodabnpparibasmf.in/assets/download_documents/Portfolio_Holdings_and_Exposure-Aug_2026.xlsx
Canara Robeco Mutual Fund,3,3,3,"2026-08, 2026-07",2026-08,https://www.canararobeco.com/wp-content/uploads/2026/08/Canara-Robeco-factsheet-as-on-July-2026.pdf | https://www.canararobeco.com/wp-content/uploads/2026/09/Canara-Robeco-factsheet-as-on-August-2026-1.pdf
Capitalmind Mutual Fund,117,117,117,"2026-09, 2026-07, 2026-06, 2026-05",2026-09,https://capitalmindmf.com/uploads/CAPITALMIND_MF_MIS_Report_07_Jul26_70b3b7801d.xlsx | https://capitalmindmf.com/uploads/CMFLEXI_Monthly_Portfolio_Disclosure_July_31_2026_2dad58d22b.xlsx | https://capitalmindmf.com/uploads/CMLIQ_Fortnightly_Portfolio_Disclosure_July_15_2026_35a74a2d21.xlsx | https://capitalmindmf.com/uploads/CMLIQ_Fortnightly_Portfolio_Disclosure_July_31_2026_819c518b74.xlsx | https://capitalmindmf.com/uploads/CMLIQ_Monthly_Portfolio_Disclosure_July_31_2026_c91d47206f.xlsx | https://capitalmindmf.com/uploads/CMMAAF_Monthly_Portfolio_Disclosure_July_31_2026_7f2520d60f.xlsx | https://capitalmindmf.com/uploads/Capitalmind_MF_Average_Assets_Under_Management_May_26_448efef576.xlsx | https://capitalmindmf.com/uploads/Capitalmind_Mutual_Fund_Factsheet_July_2026_d430bc0063.pdf | https://capitalmindmf.com/uploads/Complaints_July2026_3bba25ed84.pdf | https://capitalmindmf.com/uploads/Group_Companies_July_2026_e0bab7fa54.pdf | https://capitalmindmf.com/uploads/Group_Companies_September_2026_254eccac70.pdf | https://capitalmindmf.com/uploads/KIM_Capitalmind_Liquid_Fund_Sep2026_5074a7945c.pdf | https://capitalmindmf.com/uploads/PRC_Matrix_July_2026_81db26c20d.xlsx | https://capitalmindmf.com/uploads/Product_Dashboard_July_2026_3ea918169e.xlsx | https://capitalmindmf.com/uploads/SEBI_Transaction_Report_01_06_2026_ba3c8f6354.xlsx | https://capitalmindmf.com/uploads/SEBI_Transaction_Report_01_07_2026_bb7c3b2ce2.xlsx | https://capitalmindmf.com/uploads/SEBI_Transaction_Report_01_Sep_2026_6f3e785e3c.xlsx | https://capitalmindmf.com/uploads/SEBI_Transaction_Report_02_06_2026_b90cc17b13.xlsx | https://capitalmindmf.com/uploads/SEBI_Transaction_Report_02_07_2026_3cd3dc5ad5.xlsx | https://capitalmindmf.com/uploads/SEBI_Transaction_Report_02_Sep_2026_a8a10c06af.xlsx | https://capitalmindmf.com/uploads/SEBI_Transaction_Report_03_06_2026_54f7d38653.xlsx | https://capitalmindmf.com/uploads/SEBI_Transaction_Report_03_07_2026_3518bf764c.xlsx | https://capitalmindmf.com/uploads/SEBI_Transaction_Report_03_Sep_2026_e3a1ea41f9.xlsx | https://capitalmindmf.com/uploads/SEBI_Transaction_Report_04_05_2026_a810813e6c.xlsx | https://capitalmindmf.com/uploads/SEBI_Transaction_Report_04_06_2026_a7b77ea8fd.xlsx | https://capitalmindmf.com/uploads/SEBI_Transaction_Report_04_Sep_2026_4d2f629603.xlsx | https://capitalmindmf.com/uploads/SEBI_Transaction_Report_05_05_2026_8e85ad082e.xlsx | https://capitalmindmf.com/uploads/SEBI_Transaction_Report_05_06_2026_f7913117ba.xlsx | https://capitalmindmf.com/uploads/SEBI_Transaction_Report_05_Sep_2026_90e841c919.xlsx | https://capitalmindmf.com/uploads/SEBI_Transaction_Report_06_05_2026_4643df3ea6.xlsx | https://capitalmindmf.com/uploads/SEBI_Transaction_Report_06_07_2026_69ae65f6fb.xlsx | https://capitalmindmf.com/uploads/SEBI_Transaction_Report_07_05_2026_7d714e4e57.xlsx | https://capitalmindmf.com/uploads/SEBI_Transaction_Report_07_07_2026_4f4268d3c9.xlsx | https://capitalmindmf.com/uploads/SEBI_Transaction_Report_07_Sep_2026_e08c73a131.xlsx | https://capitalmindmf.com/uploads/SEBI_Transaction_Report_08_05_2026_9c010d80ca.xlsx | https://capitalmindmf.com/uploads/SEBI_Transaction_Report_08_06_2026_7c24bbafa8.xlsx | https://capitalmindmf.com/uploads/SEBI_Transaction_Report_08_07_2026_fe8a3b90c6.xlsx | https://capitalmindmf.com/uploads/SEBI_Transaction_Report_08_Sep_2026_5d144fcd2f.xlsx | https://capitalmindmf.com/uploads/SEBI_Transaction_Report_09_06_2026_67d1be02ca.xlsx | https://capitalmindmf.com/uploads/SEBI_Transaction_Report_09_07_2026_5e8e6b55fc.xlsx | https://capitalmindmf.com/uploads/SEBI_Transaction_Report_09_Sep_2026_deb24271e6.xlsx | https://capitalmindmf.com/uploads/SEBI_Transaction_Report_10_06_2026_6686d2806b.xlsx | https://capitalmindmf.com/uploads/SEBI_Transaction_Report_10_07_2026_394e5c97f7.xlsx | https://capitalmindmf.com/uploads/SEBI_Transaction_Report_10_Sep_2026_f8b2f7fcce.xlsx | https://capitalmindmf.com/uploads/SEBI_Transaction_Report_11_05_2026_e63171dfae.xlsx | https://capitalmindmf.com/uploads/SEBI_Transaction_Report_11_06_2026_d36fddd0fc.xlsx | https://capitalmindmf.com/uploads/SEBI_Transaction_Report_11_Sep_2026_088e11666d.xlsx | https://capitalmindmf.com/uploads/SEBI_Transaction_Report_12_05_2026_fd4bcd0ba8.xlsx | https://capitalmindmf.com/uploads/SEBI_Transaction_Report_12_06_2026_d727abc69f.xlsx | https://capitalmindmf.com/uploads/SEBI_Transaction_Report_13_05_2026_02618bf945.xlsx | https://capitalmindmf.com/uploads/SEBI_Transaction_Report_13_07_2026_8b968c945e.xlsx | https://capitalmindmf.com/uploads/SEBI_Transaction_Report_14_05_2026_d89c5d014d.xlsx | https://capitalmindmf.com/uploads/SEBI_Transaction_Report_14_07_2026_d456439191.xlsx | https://capitalmindmf.com/uploads/SEBI_Transaction_Report_15_05_2026_7c2b6d021c.xlsx | https://capitalmindmf.com/uploads/SEBI_Transaction_Report_15_06_2026_e2eeea0758.xlsx | https://capitalmindmf.com/uploads/SEBI_Transaction_Report_15_07_2026_78d678898b.xlsx | https://capitalmindmf.com/uploads/SEBI_Transaction_Report_15_Sep_2026_ef46e50148.xlsx | https://capitalmindmf.com/uploads/SEBI_Transaction_Report_16_06_2026_5c421ba009.xlsx | https://capitalmindmf.com/uploads/SEBI_Transaction_Report_16_07_2026_eb73d3368b.xlsx | https://capitalmindmf.com/uploads/SEBI_Transaction_Report_16_Sep_2026_67817c48c5.xlsx | https://capitalmindmf.com/uploads/SEBI_Transaction_Report_17_06_2026_233fc89a8e.xlsx | https://capitalmindmf.com/uploads/SEBI_Transaction_Report_17_07_2026_90e9b9fdd9.xlsx | https://capitalmindmf.com/uploads/SEBI_Transaction_Report_17_Sep_2026_b7dca72947.xlsx | https://capitalmindmf.com/uploads/SEBI_Transaction_Report_18_05_2026_05731c1d8c.xlsx | https://capitalmindmf.com/uploads/SEBI_Transaction_Report_18_06_2026_a92f4711ec.xlsx | https://capitalmindmf.com/uploads/SEBI_Transaction_Report_18_Sep_2026_6b8fb5346a.xlsx | https://capitalmindmf.com/uploads/SEBI_Transaction_Report_19_05_2026_498b314cda.xlsx | https://capitalmindmf.com/uploads/SEBI_Transaction_Report_19_06_2026_9eee009bf2.xlsx | https://capitalmindmf.com/uploads/SEBI_Transaction_Report_20_05_2026_02975254cd.xlsx | https://capitalmindmf.com/uploads/SEBI_Transaction_Report_20_07_2026_7bb32ae0ad.xlsx | https://capitalmindmf.com/uploads/SEBI_Transaction_Report_21_05_2026_7271e703a0.xlsx | https://capitalmindmf.com/uploads/SEBI_Transaction_Report_21_07_2026_27660209d2.xlsx | https://capitalmindmf.com/uploads/SEBI_Transaction_Report_21_Sep_2026_755e19c7e6.xlsx | https://capitalmindmf.com/uploads/SEBI_Transaction_Report_22_05_2026_b24dad6a5f.xlsx | https://capitalmindmf.com/uploads/SEBI_Transaction_Report_22_06_2026_7e8ec7cf32.xlsx | https://capitalmindmf.com/uploads/SEBI_Transaction_Report_22_07_2026_2280ec39d4.xlsx | https://capitalmindmf.com/uploads/SEBI_Transaction_Report_22_Sep_2026_86aaf87448.xlsx | https://capitalmindmf.com/uploads/SEBI_Transaction_Report_23_06_2026_77ac0fd059.xlsx | https://capitalmindmf.com/uploads/SEBI_Transaction_Report_23_07_2026_2d404da788.xlsx | https://capitalmindmf.com/uploads/SEBI_Transaction_Report_23_Sep_2026_0d478dd728.xlsx | https://capitalmindmf.com/uploads/SEBI_Transaction_Report_24_06_2026_b9e5d787df.xlsx | https://capitalmindmf.com/uploads/SEBI_Transaction_Report_24_07_2026_519cfec740.xlsx | https://capitalmindmf.com/uploads/SEBI_Transaction_Report_24_Sep_2026_68006b9c45.xlsx | https://capitalmindmf.com/uploads/SEBI_Transaction_Report_25_05_2026_a10e1e63ba.xlsx | https://capitalmindmf.com/uploads/SEBI_Transaction_Report_25_06_2026_2b15232eee.xlsx | https://capitalmindmf.com/uploads/SEBI_Transaction_Report_25_Sep_2026_460d2246c3.xlsx | https://capitalmindmf.com/uploads/SEBI_Transaction_Report_26_05_2026_1fa0297c5a.xlsx | https://capitalmindmf.com/uploads/SEBI_Transaction_Report_27_05_2026_73abd36114.xlsx | https://capitalmindmf.com/uploads/SEBI_Transaction_Report_27_Jul_2026_1ce3a97d9a.xlsx | https://capitalmindmf.com/uploads/SEBI_Transaction_Report_28_Jul_2026_28aa5f3734.xlsx | https://capitalmindmf.com/uploads/SEBI_Transaction_Report_29_05_2026_58fa7c2a63.xlsx | https://capitalmindmf.com/uploads/SEBI_Transaction_Report_29_06_2026_d08f2a1d5d.xlsx | https://capitalmindmf.com/uploads/SEBI_Transaction_Report_29_Jul_2026_9c2a6577ea.xlsx | https://capitalmindmf.com/uploads/SEBI_Transaction_Report_30_06_2026_7f0debf2cf.xlsx | https://capitalmindmf.com/uploads/SEBI_Transaction_Report_30_Jul_2026_c877dafc88.xlsx | https://capitalmindmf.com/uploads/SEBI_Transaction_Report_31_Jul_2026_cf27f3aa42.xlsx | https://capitalmindmf.com/uploads/Scheme_Performance_Flex_July_2026_f2dd580b20.pdf | https://capitalmindmf.com/uploads/Scheme_Performance_Liquid_Fund_July_2026_120e5762a3.pdf
Carnelian Mutual Fund,0,0,0,,,
Choice Mutual Fund,12,12,12,"2026-08, 2026-07",2026-08,https://doc.choicemf.com/portfolio-reports/1786098827-Choice_Mutual_Fund_Monthly_Portfolio_Report_July_2026_Gold_ETF.xlsx | https://doc.choicemf.com/portfolio-reports/1786098863-Choice_Mutual_Fund_Monthly_Portfolio_Report_July_2026_Nifty_50.xlsx | https://doc.choicemf.com/portfolio-reports/1786098976-Choice_Mutual_Fund_Monthly_Portfolio_Report_July_2026_Nifty_Next_50.xlsx | https://doc.choicemf.com/portfolio-reports/1786104055-Choice_Mutual_Fund_Monthly_Portfolio_Report_July_2026_Overnight_Fund.xlsx | https://doc.choicemf.com/portfolio-reports/1788844088-Choice_Mutual_Fund_Monthly_Portfolio_Report_August_2026_GOLD_ETF.xlsx | https://doc.choicemf.com/portfolio-reports/1788844107-Choice_Mutual_Fund_Monthly_Portfolio_Report_August_2026_Nifty_Next_50.xlsx | https://doc.choicemf.com/portfolio-reports/1788844125-Choice_Mutual_Fund_Monthly_Portfolio_Report_August_2026_Nifty_50.xlsx | https://doc.choicemf.com/portfolio-reports/1788844590-Choice_Mutual_Fund_Monthly_Portfolio-Aug_2026_Overnight_Fund.xlsx
DSP Mutual Fund,6,6,6,"2026-09, 2026-07",2026-09,https://www.dspim.com/media/pages/mandatory-disclosures/portfolio-disclosures/0448906466-1784552387/dsp-isin-debt-fortnightly-portfolio-as-on-15-jul-2026.xlsx | https://www.dspim.com/media/pages/mandatory-disclosures/portfolio-disclosures/081d3fbd38-1786372968/monthend-portfolios_31_july_2026.zip | https://www.dspim.com/media/pages/mandatory-disclosures/portfolio-disclosures/17f3c6f880-1790008770/dsp-isin-debt-fortnightly-portfolio-as-on-15-sep-2026.xlsx | https://www.dspim.com/media/pages/mandatory-disclosures/portfolio-disclosures/9004ada07a-1786266256/fund-performance-july-2026.xlsx | https://www.dspim.com/media/pages/mandatory-disclosures/portfolio-disclosures/eec54eb443-1785950917/dsp-isin-debt-portfolio-as-on-31-jul-2026.xlsx
Edelweiss Mutual Fund,4,4,4,"2026-09, 2026-07",2026-09,https://www.edelweissmf.com/Files/MF/Downloads/FACTSHEETS/FACTSHEETS/Edelweiss_Factsheet_July2026_20072026185303.pdf | https://www.edelweissmf.com/Files/MF/Downloads/FACTSHEETS/FACTSHEETS/Edelweiss_Factsheet_September_2026_15092026193426.pdf | https://www.edelweissmf.com/Files/MF/Statutory/Portfolio_of_schemes/Monthly_Portfolio_and_RiskoMeter/EDEL_Portfolio_Monthly_Notes_31Jul2026_17082026124432.xlsx
Franklin Templeton Mutual Fund,3,3,3,"2026-08, 2026-07",2026-08,https://www.franklintempletonindia.com/download/en-in/fund-factsheets/4159ddd8-e1f2-4d80-b29e-ddb4ae596a85/Factsheet-as-on-August-31-2026_web.pdf | https://www.franklintempletonindia.com/download/en-in/fund-factsheets/7fdc001e-09b9-4ab2-9134-1b4a109f3b14/Factsheet-as-on-July-31-2026_web.pdf
Groww Mutual Fund,3,3,3,"2026-10, 2026-09, 2026-07",2026-10,https://assets-netstorage.growwmf.in/compliance_docs/Downloads/Fact%20Sheet/Factsheet%20Disclosures/Ratios%20for%20GMF%20Factsheet.pdf
HDFC Mutual Fund,0,0,0,,,
Helios Mutual Fund,24,24,24,"2026-09, 2026-07",2026-09,https://www.heliosmf.in/wp-content/uploads/2026/07/Helios-Overnight-Fund-Fortnightly-Portfolio-as-on-15th-July-2026.xls | https://www.heliosmf.in/wp-content/uploads/2026/08/disclosure-of-risk-parameters-july-2026.xlsx | https://www.heliosmf.in/wp-content/uploads/2026/08/helios-arbitrage-fund-monthly-portfolio-as-on-31st-july-2026.xlsx | https://www.heliosmf.in/wp-content/uploads/2026/08/helios-balanced-advantage-fund-monthly-portfolio-as-on-31st-july-2026.xlsx | https://www.heliosmf.in/wp-content/uploads/2026/08/helios-financial-services-fund-monthly-portfolio-as-on-31st-july-2026.xlsx | https://www.heliosmf.in/wp-content/uploads/2026/08/helios-flexi-cap-fund-monthly-portfolio-as-on-31st-july-2026.xlsx | https://www.heliosmf.in/wp-content/uploads/2026/08/helios-large-mid-cap-fund-monthly-portfolio-as-on-31st-july-2026.xlsx | https://www.heliosmf.in/wp-content/uploads/2026/08/helios-mid-cap-fund-monthly-portfolio-as-on-31st-july-2026.xlsx | https://www.heliosmf.in/wp-content/uploads/2026/08/helios-mutual-fund-factsheet-jul26.pdf | https://www.heliosmf.in/wp-content/uploads/2026/08/helios-overnight-fund-fortnightly-portfolio-as-on-31st-july-2026.xls | https://www.heliosmf.in/wp-content/uploads/2026/08/helios-overnight-fund-monthly-portfolio-as-on-31st-july-2026.xlsx | https://www.heliosmf.in/wp-content/uploads/2026/08/helios-small-cap-fund-monthly-portfolio-as-on-31st-july-2026.xlsx | https://www.heliosmf.in/wp-content/uploads/2026/08/july-2026.pdf | https://www.heliosmf.in/wp-content/uploads/2026/08/july-2026.xls | https://www.heliosmf.in/wp-content/uploads/2026/08/july-2026.xlsx | https://www.heliosmf.in/wp-content/uploads/2026/08/nomination-form-format-sep-2026.pdf | https://www.heliosmf.in/wp-content/uploads/2026/08/nomination-opt-out-form-format-sep-2026.pdf | https://www.heliosmf.in/wp-content/uploads/2026/08/performance-helios-factsheet-jul26.pdf | https://www.heliosmf.in/wp-content/uploads/2026/09/helios-overnight-fund-fortnightly-portfolio-as-on-15th-september-2026.xls | https://www.heliosmf.in/wp-content/uploads/2026/09/nomination-form-format-sep-2026-editable.pdf | https://www.heliosmf.in/wp-content/uploads/2026/09/nomination-opt-out-form-format-sep-2026-editable.pdf | https://www.heliosmf.in/wp-content/uploads/2026/10/helios-overnight-fund-fortnightly-portfolio-as-on-30th-september-2026.xls | https://www.heliosmf.in/wp-content/uploads/2026/10/list-of-group-associates-companies-sep-2026.pdf | https://www.heliosmf.in/wp-content/uploads/2026/10/september-2026.xlsx
HSBC Mutual Fund,126,126,126,"2026-10, 2026-09, 2026-08, 2026-07, 2026-06, 2026-05",2026-10,https://www.assetmanagement.hsbc.co.in/assets/documents/mutual-funds/en/097d8a76-596c-447d-9b53-29bffa8ebfd2/product-note-hsbc-elss-tax-saver-fund-july-2026.pdf | https://www.assetmanagement.hsbc.co.in/assets/documents/mutual-funds/en/0ef6a89c-b94d-4dbd-b305-d1345c67d220/one-pager-hsbc-small-cap-fund-september-2026.pdf | https://www.assetmanagement.hsbc.co.in/assets/documents/mutual-funds/en/10f0eab6-ef1b-461e-955c-e83ce9a60b3f/product-note-hsbc-financial-services-fund-july-2026.pdf | https://www.assetmanagement.hsbc.co.in/assets/documents/mutual-funds/en/111557ab-7c0f-45c4-a542-f9450a713b03/notice-disclosure-of-half-yearly-portfolios-of-schemes.pdf | https://www.assetmanagement.hsbc.co.in/assets/documents/mutual-funds/en/13794690-e27a-48eb-ad5a-bc1c50529c33/one-pager-hsbc-midcap-fund-september-2026.pdf | https://www.assetmanagement.hsbc.co.in/assets/documents/mutual-funds/en/14fd87fd-7960-43dd-a59c-493e45e40457/product-note-multi-asset-active-fof-july-2026.pdf | https://www.assetmanagement.hsbc.co.in/assets/documents/mutual-funds/en/1ad8cec4-8cdf-45cc-bc48-1714525d7f4d/product-note-hsbc-asia-pacific-ex-japan-dividend-yield-fund-july-2026.pdf | https://www.assetmanagement.hsbc.co.in/assets/documents/mutual-funds/en/1c186edd-9512-44ea-b29f-c2582a289de4/fund-lens-hsbc-business-cycles-fund-july-2026.pdf | https://www.assetmanagement.hsbc.co.in/assets/documents/mutual-funds/en/22fbcab2-1642-412f-b60e-3e848f06d9d7/product-note-hsbc-india-export-opp-fund-july-2026.pdf | https://www.assetmanagement.hsbc.co.in/assets/documents/mutual-funds/en/23cf6fc7-a803-4988-8819-61f638388209/fts-134-portfolio-14062019.pdf | https://www.assetmanagement.hsbc.co.in/assets/documents/mutual-funds/en/24e8083b-a03d-4910-8171-d299f2355912/disclosure-of-group-companies-as-on-30-september-2026.pdf | https://www.assetmanagement.hsbc.co.in/assets/documents/mutual-funds/en/2e21e797-715d-4425-9095-91dbbb78f1c8/fund-lens-hsbc-flexi-cap-fund-july-2026.pdf | https://www.assetmanagement.hsbc.co.in/assets/documents/mutual-funds/en/2f095cc6-3c47-4397-af8b-62d18d2709d0/list-of-group-companies-as-on-30-june-26.pdf | https://www.assetmanagement.hsbc.co.in/assets/documents/mutual-funds/en/367ad50a-0292-46e8-80cc-347119e37524/corporate-deck-july-2026.pdf | https://www.assetmanagement.hsbc.co.in/assets/documents/mutual-funds/en/37834707-9650-464b-afc9-0bfdc49b3c70/hsbc-arbitrage-fund-note-july-2026.pdf | https://www.assetmanagement.hsbc.co.in/assets/documents/mutual-funds/en/3a3f601a-292e-4fec-907c-3a99123b882a/fund-lens-hsbc-midcap-fund-sep-2026.pdf | https://www.assetmanagement.hsbc.co.in/assets/documents/mutual-funds/en/3f2062b4-25c6-48fa-ae3a-f0d25d6176f6/product-note-hsbc-multi-asset-allocation-fund-july-2026.pdf | https://www.assetmanagement.hsbc.co.in/assets/documents/mutual-funds/en/400f21b9-5d96-4edb-af5a-4e93b962d0bd/fund-overview-hsbc-overnight-fund-september-2026.pdf | https://www.assetmanagement.hsbc.co.in/assets/documents/mutual-funds/en/452d3a29-9d84-4f5d-92a6-cdd9ef8c8850/fund-lens-hsbc-value-fund-july-2026.pdf | https://www.assetmanagement.hsbc.co.in/assets/documents/mutual-funds/en/4da40b4f-4448-497f-9504-cb7403127f5a/product-note-hsbc-aggressive-hybrid-fund-hahf-july-2026.pdf | https://www.assetmanagement.hsbc.co.in/assets/documents/mutual-funds/en/5010f93e-fda0-472c-bda0-0ab125179a00/one-pager-hsbc-mid-cap-fund-jul-2026.pdf | https://www.assetmanagement.hsbc.co.in/assets/documents/mutual-funds/en/51f747d4-68ff-4689-bcdc-e41fe255022b/one-pager-hsbc-value-fund-september-2026.pdf | https://www.assetmanagement.hsbc.co.in/assets/documents/mutual-funds/en/54e6a3a0-dd51-40f7-b035-1bd3582298df/product-note-hsbc-large-and-midcap-fund-july-2026.pdf | https://www.assetmanagement.hsbc.co.in/assets/documents/mutual-funds/en/5672b61e-a63f-427f-879a-b252721da6e0/overnight-fund-portfolio-18032020.pdf | https://www.assetmanagement.hsbc.co.in/assets/documents/mutual-funds/en/5a1c5bbc-447b-4a20-83d6-9350a716a4a7/debt-fund-book-july-2026.pdf | https://www.assetmanagement.hsbc.co.in/assets/documents/mutual-funds/en/5bb34022-bf40-48b0-86f5-52e7ac8f83f0/one-pager-hsbc-focused-fund-jul-2026.pdf | https://www.assetmanagement.hsbc.co.in/assets/documents/mutual-funds/en/5d1b0990-e1a5-4aca-9827-5cc06a7e8915/monthly-portfolio.pdf | https://www.assetmanagement.hsbc.co.in/assets/documents/mutual-funds/en/6135dbaa-a068-4c6b-b022-f4f90e75823f/one-pager-hsbc-multi-cap-fund-september-2026.pdf | https://www.assetmanagement.hsbc.co.in/assets/documents/mutual-funds/en/61f524f6-a78a-46eb-8601-7dc89f733448/fund-overview-hsbc-liquid-fund-september-2026.pdf | https://www.assetmanagement.hsbc.co.in/assets/documents/mutual-funds/en/68bf63e7-8d81-4d0a-8c22-1d5b950adb0b/product-note-hsbc-multi-asset-allocation-fund-september-2026.pdf | https://www.assetmanagement.hsbc.co.in/assets/documents/mutual-funds/en/6afee711-3e6f-4b2e-ba4e-80ac4803fe1b/fund-overview-hsbc-ultra-short-term-fund-september-2026.pdf | https://www.assetmanagement.hsbc.co.in/assets/documents/mutual-funds/en/6c56be05-3ed7-47db-b833-827bdb8a9306/product-note-hsbc-arbitrage-fund-hatf-september-2026.pdf | https://www.assetmanagement.hsbc.co.in/assets/documents/mutual-funds/en/6fe55204-12ab-4115-87c9-b9b0c7d4937b/disclosure-of-risk-parameters-aug-26.pdf | https://www.assetmanagement.hsbc.co.in/assets/documents/mutual-funds/en/7882f0ac-a824-41af-b503-d26b2b5fd606/product-note-hsbc-small-cap-fund-july-2026.pdf | https://www.assetmanagement.hsbc.co.in/assets/documents/mutual-funds/en/78fab64d-7dd6-4b05-9b1d-95a285d1ea50/fund-lens-hsbc-midcap-fund-july-2026.pdf | https://www.assetmanagement.hsbc.co.in/assets/documents/mutual-funds/en/7d97b588-2a21-4656-8dd1-8af92032ac87/fund-lens-hsbc-flexi-cap-fund-september-2026.pdf | https://www.assetmanagement.hsbc.co.in/assets/documents/mutual-funds/en/8577955b-7e05-4d4c-93cb-5a430b0f4162/half-yearly-portfolios-of-schemes-of-hsbc-mf.pdf | https://www.assetmanagement.hsbc.co.in/assets/documents/mutual-funds/en/865f22c3-5d1d-4c6f-bd2c-54afc2b81615/one-pager-hsbc-multi-asset-allocation-fund-september-2026.pdf | https://www.assetmanagement.hsbc.co.in/assets/documents/mutual-funds/en/8841d2a7-6ede-4e39-a1cf-45141e14afd1/product-note-hsbc-brazil-fund-july-2026.pdf | https://www.assetmanagement.hsbc.co.in/assets/documents/mutual-funds/en/8a9b52b1-e3fc-4b5c-8553-e45f7b9b3afd/product-note-hsbc-balanced-advantage-fund-hbaf-september-2026.pdf | https://www.assetmanagement.hsbc.co.in/assets/documents/mutual-funds/en/8e6e4367-381b-4218-b3de-2636f9231f4b/portfolio-disclosure.pdf | https://www.assetmanagement.hsbc.co.in/assets/documents/mutual-funds/en/8f9960dd-b9e4-4f41-b6fb-fa9798778621/one-pager-hsbc-large-and-midcap-fund-september-2026.pdf | https://www.assetmanagement.hsbc.co.in/assets/documents/mutual-funds/en/8fb816fc-a25e-4b8d-b7d7-6a0043e5aea5/product-note-hsbc-flexi-cap-fund-july-2026.pdf | https://www.assetmanagement.hsbc.co.in/assets/documents/mutual-funds/en/96ea1d8b-6824-46ca-bb1c-781b142c311c/one-pager-hsbc-focused-fund-september-2026.pdf | https://www.assetmanagement.hsbc.co.in/assets/documents/mutual-funds/en/971cc1cf-9746-40a8-97f9-12dcb9c2d03e/fund-lens-hsbc-large-and-midcap-fund-september-2026.pdf | https://www.assetmanagement.hsbc.co.in/assets/documents/mutual-funds/en/9af31509-520f-496f-b882-c199283c7d7f/disclosure-of-risk-parameters-may-26.pdf | https://www.assetmanagement.hsbc.co.in/assets/documents/mutual-funds/en/9fcf255b-5114-4c28-b704-719119da6792/product-note-hsbc-nifty-50-index-fund-july-2026.pdf | https://www.assetmanagement.hsbc.co.in/assets/documents/mutual-funds/en/a0aeea70-dce4-4b2b-8417-7c6e04069ff2/product-note-hsbc-multi-cap-fund-july-2026.pdf | https://www.assetmanagement.hsbc.co.in/assets/documents/mutual-funds/en/a1553ef8-78cb-4572-841e-fdfa10f9bd9e/performance-note-equity-hybrid-debt-global-funds-july-2026.pdf | https://www.assetmanagement.hsbc.co.in/assets/documents/mutual-funds/en/a58f17d4-0f8a-45aa-8ad6-32124ec5ffa2/product-note-aggressive-hybrid-active-fof-july-2026.pdf | https://www.assetmanagement.hsbc.co.in/assets/documents/mutual-funds/en/ab4ce74c-567c-451a-b4b8-ebda892a86a2/equity-fund-book-july-2026.pdf | https://www.assetmanagement.hsbc.co.in/assets/documents/mutual-funds/en/ac4f2640-1202-4afd-8e4d-a7a3e9985399/product-note-hsbc-equity-savings-fund-hesf-july-2026.pdf | https://www.assetmanagement.hsbc.co.in/assets/documents/mutual-funds/en/ac616bbd-8c63-451d-8411-9fd558efced3/product-note-hsbc-nifty-next-50-index-fund-july-2026.pdf | https://www.assetmanagement.hsbc.co.in/assets/documents/mutual-funds/en/ad6701f5-da7d-4b5a-99c8-5bcc85cd8382/fts-136-portfolio-14062019.pdf | https://www.assetmanagement.hsbc.co.in/assets/documents/mutual-funds/en/ae337f81-2e50-4764-b7a6-50141bc0d137/product-note-hsbc-large-cap-fund-july-2026.pdf | https://www.assetmanagement.hsbc.co.in/assets/documents/mutual-funds/en/b2e63c65-42ef-4252-b723-7dea383b9788/global-navigator-hsbc-mf-sep-2026.pdf | https://www.assetmanagement.hsbc.co.in/assets/documents/mutual-funds/en/b43192ea-8df0-4387-822e-8367e64388da/one-pager-hsbc-value-fund-jul-2026.pdf | https://www.assetmanagement.hsbc.co.in/assets/documents/mutual-funds/en/b4afc343-6399-42f7-a80b-de4d311e1ffc/product-note-hsbc-equity-savings-fund-hesf-september-2026.pdf | https://www.assetmanagement.hsbc.co.in/assets/documents/mutual-funds/en/b6c265c6-c0f6-40e6-91f0-519e486e03dc/one-pager-hsbc-multi-asset-allocation-fund-jul-2026.pdf | https://www.assetmanagement.hsbc.co.in/assets/documents/mutual-funds/en/b8c25495-4e4d-49dd-80a1-a7dd649d0ac4/hcf-portfolio-06022020.pdf | https://www.assetmanagement.hsbc.co.in/assets/documents/mutual-funds/en/ba005984-bda8-4059-bcb9-2016cf58554e/hsbc-mf-eu-addon-portfolio-strategy.pdf | https://www.assetmanagement.hsbc.co.in/assets/documents/mutual-funds/en/baebe6b0-a743-464f-a639-5069594ff653/the-asset-july-2026.pdf | https://www.assetmanagement.hsbc.co.in/assets/documents/mutual-funds/en/bb98ae07-36c1-4605-8785-8cffe51a7998/disclosure-of-risk-parameters-jul-26.pdf | https://www.assetmanagement.hsbc.co.in/assets/documents/mutual-funds/en/bd31f59f-321e-4aca-94ad-bcf433d1f120/product-note-hsbc-infrastructure-fund-july-2026.pdf | https://www.assetmanagement.hsbc.co.in/assets/documents/mutual-funds/en/be4032ae-ccc6-4f65-94b6-16298575b0ba/product-note-hsbc-gold-etf-fund-of-fund-july-2026.pdf | https://www.assetmanagement.hsbc.co.in/assets/documents/mutual-funds/en/be4131d3-bb19-4f8e-b177-3ee65f87499a/product-note-hsbc-consumption-fund-july-2026.pdf | https://www.assetmanagement.hsbc.co.in/assets/documents/mutual-funds/en/bf5062ac-9226-41ae-ae6e-d37199c276dd/add-ice-edge-to-your-portfolio.pdf | https://www.assetmanagement.hsbc.co.in/assets/documents/mutual-funds/en/c0184255-5c89-4f03-96e3-84f0299084e6/fund-lens-hsbc-india-export-opportunities-fund-july-2026.pdf | https://www.assetmanagement.hsbc.co.in/assets/documents/mutual-funds/en/c5066811-7fa5-4208-a114-0c49c2316a06/one-pager-hsbc-small-cap-fund-jul-2026.pdf | https://www.assetmanagement.hsbc.co.in/assets/documents/mutual-funds/en/c52b29be-d8b5-42ca-a24b-b48a3c075647/product-note-hsbc-focused-fund-july-2026.pdf | https://www.assetmanagement.hsbc.co.in/assets/documents/mutual-funds/en/c62300b9-3933-4c36-8705-9ca5b932eef8/product-note-hsbc-business-cycles-fund-july-2026.pdf | https://www.assetmanagement.hsbc.co.in/assets/documents/mutual-funds/en/c75e4835-54fe-43ef-9ba9-1da609804f33/global-navigator-hsbc-mf-july-2026.pdf | https://www.assetmanagement.hsbc.co.in/assets/documents/mutual-funds/en/c801b7f3-83fd-4c19-85ce-b8fab7bc98be/product-note-hsbc-midcap-fund-july-2026.pdf | https://www.assetmanagement.hsbc.co.in/assets/documents/mutual-funds/en/c85eeca8-4bdf-4456-9e42-07eedae14d8a/disclosure-of-half-yearly-portfolios-of-schemes-of-hsbc-mutual-fund.pdf | https://www.assetmanagement.hsbc.co.in/assets/documents/mutual-funds/en/c9ad1fbe-28ba-44ea-b042-be328faec8d9/product-note-hsbc-arbitrage-fund-hatf-july-2026.pdf | https://www.assetmanagement.hsbc.co.in/assets/documents/mutual-funds/en/cd4ebecb-7d8b-46e9-8622-c573b173a0d9/product-note-hsbc-balanced-advantage-fund-hbaf-july-2026.pdf | https://www.assetmanagement.hsbc.co.in/assets/documents/mutual-funds/en/d16c4604-a58d-4cc4-ade8-f6f57d5d4082/fund-overview-hsbc-overnight-fund-july-2026.pdf | https://www.assetmanagement.hsbc.co.in/assets/documents/mutual-funds/en/d8249796-bc45-4c36-9188-59963f40a126/hsbc-large-and-mid-cap-fund-deck-july-2026.pdf | https://www.assetmanagement.hsbc.co.in/assets/documents/mutual-funds/en/d896d4af-46d2-41e3-b941-fddc8fe9123c/one-pager-hsbc-multi-cap-fund-jul-2026.pdf | https://www.assetmanagement.hsbc.co.in/assets/documents/mutual-funds/en/d9aa6536-19f6-451a-86d8-76fab05dcda4/performance-note-equity-hybrid-debt-global-funds-september-2026.pdf | https://www.assetmanagement.hsbc.co.in/assets/documents/mutual-funds/en/de341956-fea7-436f-82df-156b3c0dcafe/fund-lens-hsbc-value-fund-september-2026.pdf | https://www.assetmanagement.hsbc.co.in/assets/documents/mutual-funds/en/de5918c3-dafa-4911-b795-02516178075c/product-note-hsbc-aggressive-hybrid-fund-hahf-september-2026.pdf | https://www.assetmanagement.hsbc.co.in/assets/documents/mutual-funds/en/e01745e2-d103-42f7-a1f6-f2dd1b7f8e17/notice-disclosure-hly-portfolio-092020.pdf | https://www.assetmanagement.hsbc.co.in/assets/documents/mutual-funds/en/e2a6fbd1-bd02-4bbd-992f-757be9b1fa93/weekly-debt-portfolio.pdf | https://www.assetmanagement.hsbc.co.in/assets/documents/mutual-funds/en/e51119ae-af17-402a-b6e8-94232ed7000f/product-note-hsbc-income-plus-arbitrage-active-fof-july-2026.pdf | https://www.assetmanagement.hsbc.co.in/assets/documents/mutual-funds/en/e686f81e-30e4-4026-8ff7-25d43e7f66c6/product-note-hsbc-value-fund-july-2026.pdf | https://www.assetmanagement.hsbc.co.in/assets/documents/mutual-funds/en/eba1850d-0ec1-4a8c-b460-6dc10e5b687a/one-pager-hsbc-flexi-cap-fund-september-2026.pdf | https://www.assetmanagement.hsbc.co.in/assets/documents/mutual-funds/en/ec7c4801-7cce-48f7-84d5-663c71e83062/fund-overview-hsbc-liquid-fund-july-2026.pdf | https://www.assetmanagement.hsbc.co.in/assets/documents/mutual-funds/en/f1d53245-941d-4ce3-9bc8-b4eba26e6fca/disclosure-of-half-yearly-portfolios-of-schemes-of-hsbc-mf.pdf | https://www.assetmanagement.hsbc.co.in/assets/documents/mutual-funds/en/f2b67faa-2134-45b7-8a62-b06c279efccf/fund-lens-hsbc-focused-fund-july-2026.pdf | https://www.assetmanagement.hsbc.co.in/assets/documents/mutual-funds/en/f53d25cf-3eae-40bb-a43e-08bd45f7964d/hsbc-cash-fund-portfolio.pdf | https://www.assetmanagement.hsbc.co.in/assets/documents/mutual-funds/en/fb0dbc7b-87d6-4561-a7b8-9e25387ab7ea/nifty-next-50-constituents-as-of-30-sep-2026.pdf | https://www.assetmanagement.hsbc.co.in/assets/documents/mutual-funds/en/fb922699-842a-4dde-81d3-6f904bb6fb47/one-pager-hsbc-large-and-mid-cap-fund-jul-2026.pdf | https://www.assetmanagement.hsbc.co.in/assets/documents/mutual-funds/en/fc15284e-ef2a-4cfd-8e10-5fda7879183e/product-note-hsbc-gold-etf-july-2026.pdf
ICICI Prudential Mutual Fund,0,0,0,,,
IL&FS Mutual Fund (IDF),6,6,6,"2026-08, 2026-07",2026-08,https://www.ilfsinfrafund.com/otherfile/ILFS_DASHBOARD_REPORT_R1 August 2026.xlsx | https://www.ilfsinfrafund.com/otherfile/ILFS_DASHBOARD_REPORT_R1 July 2026.xlsx | https://www.ilfsinfrafund.com/otherfile/ILFS_Portfolio_TransactionReports_August_2026.xlsx | https://www.ilfsinfrafund.com/otherfile/ILFS_Portfolio_TransactionReports_July_2026.xlsx
Invesco Mutual Fund,3,3,3,"2026-08, 2026-07",2026-08,https://www.invescomutualfund.com/docs/default-source/factsheet/invesco-mf-factsheet-august-2026.pdf?sfvrsn=bf139fc2_2 | https://www.invescomutualfund.com/docs/default-source/factsheet/invesco-mf-factsheet-july-2026.pdf?sfvrsn=25cb9fc2_6
ITI Mutual Fund,28,28,28,"2026-10, 2026-09, 2026-08, 2026-07, 2026-06, 2026-05",2026-10,https://itiamc.com/admin/pdf/1779268399-Fortnightly_Debt_Portfolio_Disclosures_15.05.2026.xlsx | https://itiamc.com/admin/pdf/1780656120-Fortnightly_Debt_Portfolio_Disclosures_31.05.2026.xlsx | https://itiamc.com/admin/pdf/1781861687-Fortnightly_Debt_Portfolio_Disclosures_15.06.2026.xlsx | https://itiamc.com/admin/pdf/1783071949-Fortnightly_Debt_Portfolio_Disclosures_30.06.2026.xlsx | https://itiamc.com/admin/pdf/1784282344-Fortnightly_Debt_Portfolio_Disclosures_15.07.2026.xlsx | https://itiamc.com/admin/pdf/1785844122-Fortnightly_Debt_Portfolio_Disclosures_31.07.2026.xlsx | https://itiamc.com/admin/pdf/1785910420-Portfolio_Turnover_Ratio_of_all_Equity_schemes_of_ITI_Mutual_Fund_for_period_ending_July_31__2026.pdf | https://itiamc.com/admin/pdf/1786348598-ITIMF_Monthly_Portfolio_31.07.2026.xlsx | https://itiamc.com/admin/pdf/1786438251-Website_Statutory_Data_Updation-_July_2026_-_Top_10_holding__sectors_for_all_the_MF_schemes.pdf | https://itiamc.com/admin/pdf/1787122860-Fortnightly_Debt_Portfolio_Disclosures_15.08.2026.xlsx | https://itiamc.com/admin/pdf/1787823559-Portfolio_Overlap_31_Jul_2026_AOD_All.xlsx | https://itiamc.com/admin/pdf/1787823587-Portfolio_Overlap_31_Jul_2026_AOD_All.xlsx | https://itiamc.com/admin/pdf/1787823612-Portfolio_Overlap_31_Jul_2026_AOD_All.xlsx | https://itiamc.com/admin/pdf/1788500927-Fortnightly_Debt_Portfolio_Disclosures_31082026.xlsx | https://itiamc.com/admin/pdf/1789719700-ITIMF_Fortnightly_Portfolio_15092026.xlsx | https://itiamc.com/admin/pdf/1790833885-Disclosure_of_Exercise_of_Votes_in_Equity_Holdings_of_ITI_Mutual_Fund_(Quarter_ended_September_2026).xlsx | https://itiamc.com/admin/pdf/1790859152-Portfolio_Overlap_30_Sep_2026_AOD_All.xlsx | https://itiamc.com/admin/pdf/1790859173-Portfolio_Overlap_30_Sep_2026_AOD_All.xlsx | https://itiamc.com/admin/pdf/1790859207-Portfolio_Overlap_30_Sep_2026_AOD_All.xlsx
Jio BlackRock Mutual Fund,0,0,0,,,
JM Financial Mutual Fund,27,27,27,"2026-09, 2026-07",2026-09,"https://www.jmfinancialmf.com/CMS/downloads/Factsheet/Factsheet/Factsheet July 2026.pdf | https://www.jmfinancialmf.com/CMS/downloads/Factsheet/Factsheet/Factsheet September 2026.pdf | https://www.jmfinancialmf.com/CMS/downloads/Portfolio Disclosure/Fortnightly Portfolio of Schemes/Fortnightly Portfolio- JM Dynamic Bond Fund -  July 15, 2026.xlsx | https://www.jmfinancialmf.com/CMS/downloads/Portfolio Disclosure/Fortnightly Portfolio of Schemes/Fortnightly Portfolio- JM Dynamic Bond Fund -  July 31, 2026.xlsx | https://www.jmfinancialmf.com/CMS/downloads/Portfolio Disclosure/Fortnightly Portfolio of Schemes/Fortnightly Portfolio- JM Dynamic Term Fund -  Sep 15, 2026.xlsx | https://www.jmfinancialmf.com/CMS/downloads/Portfolio Disclosure/Fortnightly Portfolio of Schemes/Fortnightly Portfolio- JM Liquid Fund -   July 15 2026.xlsx | https://www.jmfinancialmf.com/CMS/downloads/Portfolio Disclosure/Fortnightly Portfolio of Schemes/Fortnightly Portfolio- JM Liquid Fund -   July 31 2026.xlsx | https://www.jmfinancialmf.com/CMS/downloads/Portfolio Disclosure/Fortnightly Portfolio of Schemes/Fortnightly Portfolio- JM Liquid Fund -   Sep 15, 2026.xlsx | https://www.jmfinancialmf.com/CMS/downloads/Portfolio Disclosure/Fortnightly Portfolio of Schemes/Fortnightly Portfolio- JM Low Duration Fund -  July 15, 2026.xlsx | https://www.jmfinancialmf.com/CMS/downloads/Portfolio Disclosure/Fortnightly Portfolio of Schemes/Fortnightly Portfolio- JM Low Duration Fund -  July 31, 2026.xlsx | https://www.jmfinancialmf.com/CMS/downloads/Portfolio Disclosure/Fortnightly Portfolio of Schemes/Fortnightly Portfolio- JM Medium to Long Duration Fund - July 15, 2026.xlsx | https://www.jmfinancialmf.com/CMS/downloads/Portfolio Disclosure/Fortnightly Portfolio of Schemes/Fortnightly Portfolio- JM Medium to Long Duration Fund - July 31, 2026.xlsx | https://www.jmfinancialmf.com/CMS/downloads/Portfolio Disclosure/Fortnightly Portfolio of Schemes/Fortnightly Portfolio- JM Medium to Long Term Fund - Sep 15, 2026.xlsx | https://www.jmfinancialmf.com/CMS/downloads/Portfolio Disclosure/Fortnightly Portfolio of Schemes/Fortnightly Portfolio- JM Overnight Fund -   July 15, 2026.xlsx | https://www.jmfinancialmf.com/CMS/downloads/Portfolio Disclosure/Fortnightly Portfolio of Schemes/Fortnightly Portfolio- JM Overnight Fund -   July 31, 2026.xlsx | https://www.jmfinancialmf.com/CMS/downloads/Portfolio Disclosure/Fortnightly Portfolio of Schemes/Fortnightly Portfolio- JM Overnight Fund -   Sep 15, 2026.xlsx | https://www.jmfinancialmf.com/CMS/downloads/Portfolio Disclosure/Fortnightly Portfolio of Schemes/Fortnightly Portfolio- JM Short Duration Fund - July 15, 2026.xlsx | https://www.jmfinancialmf.com/CMS/downloads/Portfolio Disclosure/Fortnightly Portfolio of Schemes/Fortnightly Portfolio- JM Short Duration Fund - July 31, 2026.xlsx | https://www.jmfinancialmf.com/CMS/downloads/Portfolio Disclosure/Fortnightly Portfolio of Schemes/Fortnightly Portfolio- JM Short Term Fund - Sep 15, 2026.xlsx | https://www.jmfinancialmf.com/CMS/downloads/Portfolio Disclosure/Fortnightly Portfolio of Schemes/Fortnightly Portfolio- JM Ultra Short to Short Term Fund -  Sep 15, 2026.xlsx"
Kotak Mahindra Mutual Fund,0,0,0,,,
Lakshya Mutual Fund,0,0,0,,,
LIC Mutual Fund,6,6,6,"2026-08, 2026-07",2026-08,https://www.licmf.com/assets/downloads/monthly_fact_sheet/2026-2027/08/lic-mf-factsheet-31st-july-2026.pdf | https://www.licmf.com/assets/downloads/monthly_fact_sheet/2026-2027/09/lic-mf-factsheet-31st-august-2026-637762107.pdf | https://www.licmf.com/assets/pdf/statuary_disclosure_new/33/1786687458-LIC-MF-Dashboard-as-on-31-July-2026.xlsx | https://www.licmf.com/assets/pdf/statuary_disclosure_new/33/1789046279-LIC-MF-Dashboard-as-on-31-August-2026.xlsx
Mahindra Manulife Mutual Fund,0,0,0,,,
Mirae Asset Mutual Fund,22,22,22,"2026-10, 2026-09, 2026-08, 2026-07",2026-10,https://www.miraeassetmf.co.in/docs/default-source/fachsheet/active-factsheet---august-2026.pdf | https://www.miraeassetmf.co.in/docs/default-source/fachsheet/active-factsheet---july-2026.pdf | https://www.miraeassetmf.co.in/docs/default-source/fachsheet/active-factsheet---september-2026.pdf | https://www.miraeassetmf.co.in/docs/default-source/fachsheet/mutual_fund_factsheet_how_to.pdf | https://www.miraeassetmf.co.in/docs/default-source/fachsheet/passive-factsheet---august-2026.pdf | https://www.miraeassetmf.co.in/docs/default-source/fachsheet/passive-factsheet---july-2026.pdf | https://www.miraeassetmf.co.in/docs/default-source/fachsheet/passive-factsheet---september-2026.pdf | https://www.miraeassetmf.co.in/docs/default-source/portfolios/alpha-july2026.xlsx | https://www.miraeassetmf.co.in/docs/default-source/portfolios/evetf-july2026.xlsx | https://www.miraeassetmf.co.in/docs/default-source/portfolios/mabpf-july2026.xlsx | https://www.miraeassetmf.co.in/docs/default-source/portfolios/maff-july2026.xlsx | https://www.miraeassetmf.co.in/docs/default-source/portfolios/mascf-july2026.xlsx | https://www.miraeassetmf.co.in/docs/default-source/portfolios/masef-july2026.xlsx | https://www.miraeassetmf.co.in/docs/default-source/portfolios/maspf-july2026.xlsx | https://www.miraeassetmf.co.in/docs/default-source/portfolios/mdbf-july2026.xlsx | https://www.miraeassetmf.co.in/docs/default-source/portfolios/mnsfof-july2026.xlsx | https://www.miraeassetmf.co.in/docs/default-source/portfolios/multietf-july2026.xlsx
Monarch Mutual Fund,0,0,0,,,
Motilal Oswal Mutual Fund,0,0,0,,,
Navi Mutual Fund,18,18,18,"2026-10, 2026-09, 2026-07",2026-10,https://public-assets.prod.navi-tech.in/navi-website-assests/documents/Navi_Aggressive_Hybrid_Fund_1st_31st_July_2026_20260810120900.xlsx | https://public-assets.prod.navi-tech.in/navi-website-assests/documents/Navi_BSE_Sensex_Index_Fund_1st_31st_July_2026_20260810120857.xlsx | https://public-assets.prod.navi-tech.in/navi-website-assests/documents/Navi_ELSS_Tax_Saver_Nifty_50_Index_Fund_1st_31st_July_2026_20260810120857.xlsx | https://public-assets.prod.navi-tech.in/navi-website-assests/documents/Navi_Flexi_Cap_Fund_1st_31st_July_2026_20260810120856.xlsx | https://public-assets.prod.navi-tech.in/navi-website-assests/documents/Navi_Large_Midcap_Fund_1st_31st_July_2026_20260810120900.xlsx | https://public-assets.prod.navi-tech.in/navi-website-assests/documents/Navi_Liquid_Fund_1st_31st_July_2026_20260810120857.xlsx | https://public-assets.prod.navi-tech.in/navi-website-assests/documents/Navi_Nasdaq100_US_Specific_Equity_Passive_FOF_1st_31st_July_2026_20260810120858.xlsx | https://public-assets.prod.navi-tech.in/navi-website-assests/documents/Navi_Nifty_500_Multicap_502525_Index_1st_31st_July_2026_20260810120856.xlsx | https://public-assets.prod.navi-tech.in/navi-website-assests/documents/Navi_Nifty_50_Index_Fund_1st_31st_July_2026_20260810120856.xlsx | https://public-assets.prod.navi-tech.in/navi-website-assests/documents/Navi_Nifty_Bank_Index_Fund_1st_31st_July_2026_20260810120859.xlsx | https://public-assets.prod.navi-tech.in/navi-website-assests/documents/Navi_Nifty_IT_Index_Fund_1st_31st_July_2026_20260810120857.xlsx | https://public-assets.prod.navi-tech.in/navi-website-assests/documents/Navi_Nifty_India_Manufacturing_Index_Fund_1st_31st_July_2026_20260810120855.xlsx | https://public-assets.prod.navi-tech.in/navi-website-assests/documents/Navi_Nifty_MidSmallcap_400_Index_Fund_1st_31st_July_2026_20260810120859.xlsx | https://public-assets.prod.navi-tech.in/navi-website-assests/documents/Navi_Nifty_Midcap_150_Index_fund_1st_31st_July_2026_20260810120858.xlsx | https://public-assets.prod.navi-tech.in/navi-website-assests/documents/Navi_Nifty_Next_50_Index_Fund_1st_31st_July_2026_20260810120859.xlsx | https://public-assets.prod.navi-tech.in/navi-website-assests/documents/Navi_Nifty_SmallCap250_Momentum_Qlty_100_1st_31st_July_2026_20260810120858.xlsx | https://public-assets.prod.navi-tech.in/navi-website-assests/documents/Portfolio_Overlap_As_on_31082026_2_20260910172300.pdf
Nippon India Mutual Fund,81,81,81,"2026-10, 2026-09, 2026-08, 2026-07, 2026-06, 2026-05",2026-10,https://mf.nipponindiaim.com/InvestorServices/FactSheetsDocuments/Nippon-FS-JULY-2026.pdf | https://mf.nipponindiaim.com/InvestorServices/FactSheetsDocuments/Nippon-FS-September-2026.pdf | https://mf.nipponindiaim.com/InvestorServices/FactsheetsDocuments/Forthnighly-NIMF%20Portfolio.xlsx | https://mf.nipponindiaim.com/InvestorServices/FactsheetsDocuments/IN_MF_RLMF_MONTHLY_PORTFOLIO_REPORT-(2).xls | https://mf.nipponindiaim.com/InvestorServices/FactsheetsDocuments/NIMF-DEBT-PORTFOLIO-30062022.xls | https://mf.nipponindiaim.com/InvestorServices/FactsheetsDocuments/NIMF-FORTNIGHTLY-PORTFOLIO-15-Aug-26.xls | https://mf.nipponindiaim.com/InvestorServices/FactsheetsDocuments/NIMF-FORTNIGHTLY-PORTFOLIO-15-July-26.xls | https://mf.nipponindiaim.com/InvestorServices/FactsheetsDocuments/NIMF-FORTNIGHTLY-PORTFOLIO-15-June-26.xls | https://mf.nipponindiaim.com/InvestorServices/FactsheetsDocuments/NIMF-FORTNIGHTLY-PORTFOLIO-15-May-26.xls | https://mf.nipponindiaim.com/InvestorServices/FactsheetsDocuments/NIMF-FORTNIGHTLY-PORTFOLIO-15-Sep-26.xls | https://mf.nipponindiaim.com/InvestorServices/FactsheetsDocuments/NIMF-FORTNIGHTLY-PORTFOLIO-30-Jun-26.xls | https://mf.nipponindiaim.com/InvestorServices/FactsheetsDocuments/NIMF-FORTNIGHTLY-PORTFOLIO-31-Aug-26.xls | https://mf.nipponindiaim.com/InvestorServices/FactsheetsDocuments/NIMF-FORTNIGHTLY-PORTFOLIO-31-July-26.xls | https://mf.nipponindiaim.com/InvestorServices/FactsheetsDocuments/NIMF-FORTNIGHTLY-PORTFOLIO-31-May-26.xls | https://mf.nipponindiaim.com/InvestorServices/FactsheetsDocuments/NIMF-MONTHLY-PORTFOLIO-30-Jun-26.xls | https://mf.nipponindiaim.com/InvestorServices/FactsheetsDocuments/NIMF-MONTHLY-PORTFOLIO-30062022.xls | https://mf.nipponindiaim.com/InvestorServices/FactsheetsDocuments/NIMF-MONTHLY-PORTFOLIO-31-Aug-26.xls | https://mf.nipponindiaim.com/InvestorServices/FactsheetsDocuments/NIMF-MONTHLY-PORTFOLIO-31-July-26.xls | https://mf.nipponindiaim.com/InvestorServices/FactsheetsDocuments/NIMF-MONTHLY-PORTFOLIO-31-May-26.xls | https://mf.nipponindiaim.com/InvestorServices/FactsheetsDocuments/NIMF-Portfolio-15032021.xls | https://mf.nipponindiaim.com/InvestorServices/FactsheetsDocuments/NIMF-Portfolio-final.xls | https://mf.nipponindiaim.com/InvestorServices/FactsheetsDocuments/RVSD-IN_MF_RLMF_MONTHLY_PORTFOLIO_REPORT-revised.xls | https://mf.nipponindiaim.com/InvestorServices/FactsheetsDocuments/Reliance-Monthly-Portfolios-28022015.xls | https://mf.nipponindiaim.com/InvestorServices/FactsheetsDocuments/Reliance-Monthly-Portfolios-30042015.xls | https://mf.nipponindiaim.com/InvestorServices/FactsheetsDocuments/Reliance-Monthly-Portfolios-30062015.xls | https://mf.nipponindiaim.com/InvestorServices/FactsheetsDocuments/Reliance-Monthly-Portfolios-30092015.xls | https://mf.nipponindiaim.com/InvestorServices/FactsheetsDocuments/Reliance-Monthly-Portfolios-31012015.xls | https://mf.nipponindiaim.com/InvestorServices/FactsheetsDocuments/Reliance-Monthly-Portfolios-31052015.xls | https://mf.nipponindiaim.com/InvestorServices/FactsheetsDocuments/Reliance-Monthly-Portfolios-31072015.xls | https://mf.nipponindiaim.com/InvestorServices/FactsheetsDocuments/Reliance-Monthly-Portfolios-31082015.xls | https://mf.nipponindiaim.com/InvestorServices/FactsheetsDocuments/Reliance-Monthly-Portfolios-31122014.xls | https://mf.nipponindiaim.com/InvestorServices/FactsheetsDocuments/RelianceMonthlyPortfolios31032014.xls | https://mf.nipponindiaim.com/InvestorServices/FactsheetsDocuments/RelianceMonthlyPortfolios31102013.xls | https://mf.nipponindiaim.com/InvestorServices/FactsheetsDocuments/RelianceMonthlyPortfolios31122013.xls | https://mf.nipponindiaim.com/InvestorServices/FactsheetsDocuments/RiskParameter-Jul-2026.xls
NJ Mutual Fund,19,19,19,"2026-08, 2026-07",2026-08,https://downloads.njmutualfund.com/viewfile.php?file=NJ-MF-Monthly-Portfolio-NJABF-August-2026-20260910041826.xlsx | https://downloads.njmutualfund.com/viewfile.php?file=NJ-MF-Monthly-Portfolio-NJABF-July-2026-20260810061042.xlsx | https://downloads.njmutualfund.com/viewfile.php?file=NJ-MF-Monthly-Portfolio-NJBAF-August-2026-20260910041738.xlsx | https://downloads.njmutualfund.com/viewfile.php?file=NJ-MF-Monthly-Portfolio-NJBAF-July-2026-20260810061147.xlsx | https://downloads.njmutualfund.com/viewfile.php?file=NJ-MF-Monthly-Portfolio-NJELSTCH-August-2026-20260910041907.xlsx | https://downloads.njmutualfund.com/viewfile.php?file=NJ-MF-Monthly-Portfolio-NJELSTCH-July-2026-20260810060934.xlsx | https://downloads.njmutualfund.com/viewfile.php?file=NJ-MF-Monthly-Portfolio-NJFCP-August-2026-20260910041845.xlsx | https://downloads.njmutualfund.com/viewfile.php?file=NJ-MF-Monthly-Portfolio-NJFCP-July-2026-20260810061004.xlsx | https://downloads.njmutualfund.com/viewfile.php?file=NJ-MF-Monthly-Portfolio-NJMOF-August-2026-20260910041934.xlsx | https://downloads.njmutualfund.com/viewfile.php?file=NJ-MF-Monthly-Portfolio-NJOVERFD-August-2026-20260910041806.xlsx | https://downloads.njmutualfund.com/viewfile.php?file=NJ-MF-Monthly-Portfolio-NJOVERFD-July-2026-20260810061120.xlsx | https://downloads.njmutualfund.com/viewfile.php?file=NJ-MF-Monthly-Portfolio-NJVAF-August-2026-20260910041959.xlsx
Nuvama Mutual Fund,0,0,0,,,
Old Bridge Mutual Fund,108,108,108,"2026-10, 2026-09, 2026-08, 2026-07, 2026-06, 2026-05",2026-10,https://oldbridgemf.com/uploads/July_09_2026_Addition_in_Official_Point_of_Acceptance_860058082d.pdf | https://oldbridgemf.com/uploads/Monthly_Portfolio_Final_174b126654.xlsx | https://oldbridgemf.com/uploads/Monthly_Scheme_Performance_0218bd184e.xlsx | https://oldbridgemf.com/uploads/Notice_Upload_of_Monthly_Portfolio_2e8129ff2b.pdf | https://oldbridgemf.com/uploads/Notice_Upload_of_Monthly_Portfolio_5220b69f20.pdf | https://oldbridgemf.com/uploads/Notice_Upload_of_Monthly_Portfolio_9081740797.pdf | https://oldbridgemf.com/uploads/Notice_Upload_of_Monthly_Portfolio_9981f8f239.pdf | https://oldbridgemf.com/uploads/Notice_Upload_of_Monthly_Portfolio_Aug_26_cb2ece594f.pdf | https://oldbridgemf.com/uploads/Notice_Upload_of_Monthly_Portfolio_bb3c6d102d.pdf | https://oldbridgemf.com/uploads/OBMF_Arbitrage_Portfolio_Aug_26_25fe420782.xlsx | https://oldbridgemf.com/uploads/OBMF_Flexi_Cap_Portfolio_Aug_26_361398e946.xlsx | https://oldbridgemf.com/uploads/OBMF_Focused_Portfolio_Aug_26_f450e08d0d.xlsx | https://oldbridgemf.com/uploads/Old_Bridge_Arbitrage_Fund_Portfolio_July_26_fef858ffff.xls | https://oldbridgemf.com/uploads/Old_Bridge_Arbitrage_Fund_Portfolio_May_26_11c1bcd2b6.xlsx | https://oldbridgemf.com/uploads/Old_Bridge_Flexi_Cap_Fund_Portfolio_July_26_ca0b230896.xlsx | https://oldbridgemf.com/uploads/Old_Bridge_Flexi_Cap_Fund_Portfolio_May_26_20e8c1644b.xlsx | https://oldbridgemf.com/uploads/Old_Bridge_Focused_Fund_Portfolio_July_26_1729091a89.xlsx | https://oldbridgemf.com/uploads/Old_Bridge_Focused_Fund_Portfolio_May_26_5ab6ef467e.xlsx | https://oldbridgemf.com/uploads/Old_Bridge_Output_Scheme_Performance_July_26_10d759dcb3.xlsx | https://oldbridgemf.com/uploads/Old_Bridge_Output_Scheme_Performance_June_26_6e5a2b8e42.xlsx | https://oldbridgemf.com/uploads/Part_A_Redressal_of_Complaints_received_during_the_period_Aug_26_d2d69bce87.pdf | https://oldbridgemf.com/uploads/Part_B_Redressal_of_Complaints_received_from_SCORES_during_the_period_Aug_26_ddf15bad88.pdf | https://oldbridgemf.com/uploads/Part_C_Trend_of_monthly_disposal_of_complaints_including_complaints_received_through_SCORES_Aug_26_f14439ed9e.pdf | https://oldbridgemf.com/uploads/Part_D_Trend_of_annual_disposal_of_complaints_including_complaints_received_through_SCORES_Aug_26_617c77bf07.pdf | https://oldbridgemf.com/uploads/Redressal_of_Complaints_received_during_the_period_Jul_26_068fb868ff.pdf | https://oldbridgemf.com/uploads/Redressal_of_Complaints_received_during_the_period_Jun_26_daed080cb1.pdf | https://oldbridgemf.com/uploads/Redressal_of_Complaints_received_during_the_period_May_26_8cd307530e.pdf | https://oldbridgemf.com/uploads/Redressal_of_Complaints_received_from_SCORES_during_the_period_Jul_26_1ff0cf6c0b.pdf | https://oldbridgemf.com/uploads/Redressal_of_Complaints_received_from_SCORES_during_the_period_Jun_26_6b6db67f44.pdf | https://oldbridgemf.com/uploads/Redressal_of_Complaints_received_from_SCORES_during_the_period_May_26_4a07b7b942.pdf | https://oldbridgemf.com/uploads/Risk_o_meter_Monthly_July_31_2026_08b418380c.pdf | https://oldbridgemf.com/uploads/Riskomete_Monthly_e15369cf49.pdf | https://oldbridgemf.com/uploads/Riskometer_Monthly_06e8ea00e3.pdf | https://oldbridgemf.com/uploads/Riskometer_Monthly_0b06b8cc4a.pdf | https://oldbridgemf.com/uploads/Riskometer_Monthly_347255f7be.pdf | https://oldbridgemf.com/uploads/Riskometer_Monthly_3c70f61e5a.pdf | https://oldbridgemf.com/uploads/Riskometer_Monthly_4bf7b53b7a.pdf | https://oldbridgemf.com/uploads/Riskometer_Monthly_7cb1489d62.pdf | https://oldbridgemf.com/uploads/Riskometer_Monthly_8640954fb9.pdf | https://oldbridgemf.com/uploads/Riskometer_Monthly_af79007d82.pdf | https://oldbridgemf.com/uploads/Riskometer_Monthly_b0fb68a585.pdf | https://oldbridgemf.com/uploads/Riskometer_Monthly_e4004c6ce4.pdf | https://oldbridgemf.com/uploads/Scheme_Dashboard_Aug_26_3336693adc.xlsx | https://oldbridgemf.com/uploads/Scheme_Dashboard_July_26_b5b111b1b8.xlsx | https://oldbridgemf.com/uploads/Scheme_Dashboard_June_26_a35e891b98.xlsx | https://oldbridgemf.com/uploads/Scheme_Dashboard_May_26_025dd7333f.xlsx | https://oldbridgemf.com/uploads/Top_10_holdings_and_Sector_Allocation_Aug_26_d41c8de921.pdf | https://oldbridgemf.com/uploads/Top_10_holdings_and_Sector_Allocation_Jul_26_fc809e537d.pdf | https://oldbridgemf.com/uploads/Trend_of_annual_disposal_of_complaints_including_complaints_received_through_SCORES_Jul_26_60adee2e80.pdf | https://oldbridgemf.com/uploads/Trend_of_annual_disposal_of_complaints_including_complaints_received_through_SCORES_Jun_26_d645302cc7.pdf | https://oldbridgemf.com/uploads/Trend_of_annual_disposal_of_complaints_including_complaints_received_through_SCORES_May_26_d120ec8f18.pdf | https://oldbridgemf.com/uploads/Trend_of_monthly_disposal_of_complaints_726b3dba98.pdf | https://oldbridgemf.com/uploads/Trend_of_monthly_disposal_of_complaints_including_complaints_received_through_SCORES_7f5fc554b9.pdf | https://oldbridgemf.com/uploads/Trend_of_monthly_disposal_of_complaints_including_complaints_received_through_SCORES_Jul_26_01a22ea78a.pdf | https://oldbridgemf.com/uploads/Trend_of_monthly_disposal_of_complaints_including_complaints_received_through_SCORES_Jun_26_6bcf7b4da1.pdf | https://oldbridgemf.com/uploads/Trend_of_monthly_disposal_of_complaints_including_complaints_received_through_SCORES_May_26_c240e6f0fe.pdf | https://oldbridgemf.com/uploads/Trend_of_monthly_disposal_of_complaints_including_complaints_received_through_SCORES_a2e98fbee9.pdf
PGIM India Mutual Fund,66,66,66,"2026-08, 2026-07",2026-08,https://www.pgimindia.com/api/v1/brochure/about-us/image/PGIM INDIA AGGRESSIVE HYBRID EQUITY FUND Aug 2026.xlsx | https://www.pgimindia.com/api/v1/brochure/about-us/image/PGIM INDIA AGGRESSIVE HYBRID EQUITY FUND Jul 2026.xlsx | https://www.pgimindia.com/api/v1/brochure/about-us/image/PGIM INDIA ARBITRAGE FUND Aug 2026.xlsx | https://www.pgimindia.com/api/v1/brochure/about-us/image/PGIM INDIA ARBITRAGE FUND Jul 2026.xlsx | https://www.pgimindia.com/api/v1/brochure/about-us/image/PGIM INDIA BALANCED ADVANTAGE FUND  Jul 2026.xlsx | https://www.pgimindia.com/api/v1/brochure/about-us/image/PGIM INDIA BALANCED ADVANTAGE FUND Aug 2026.xlsx | https://www.pgimindia.com/api/v1/brochure/about-us/image/PGIM INDIA CORPORATE BOND FUND  Jul2026.xlsx | https://www.pgimindia.com/api/v1/brochure/about-us/image/PGIM INDIA CORPORATE BOND FUND Aug 2026.xlsx | https://www.pgimindia.com/api/v1/brochure/about-us/image/PGIM INDIA DYNAMIC BOND FUND  Jul 2026.xlsx | https://www.pgimindia.com/api/v1/brochure/about-us/image/PGIM INDIA DYNAMIC TERM FUND Aug 2026.xlsx | https://www.pgimindia.com/api/v1/brochure/about-us/image/PGIM INDIA ELSS TAX SAVER FUND  Jul 2026.xlsx | https://www.pgimindia.com/api/v1/brochure/about-us/image/PGIM INDIA ELSS TAX SAVER FUND Aug 2026.xlsx | https://www.pgimindia.com/api/v1/brochure/about-us/image/PGIM INDIA EQUITY SAVINGS FUND  Jul 2026.xlsx | https://www.pgimindia.com/api/v1/brochure/about-us/image/PGIM INDIA EQUITY SAVINGS FUND Aug 2026.xlsx | https://www.pgimindia.com/api/v1/brochure/about-us/image/PGIM INDIA FLEXI CAP FUND  Jul 2026.xlsx | https://www.pgimindia.com/api/v1/brochure/about-us/image/PGIM INDIA FLEXI CAP FUND Aug 2026.xlsx | https://www.pgimindia.com/api/v1/brochure/about-us/image/PGIM INDIA GILT FUND  Jul 2026.xlsx | https://www.pgimindia.com/api/v1/brochure/about-us/image/PGIM INDIA GILT FUND Aug 2026.xlsx | https://www.pgimindia.com/api/v1/brochure/about-us/image/PGIM INDIA GLOBAL EQUITY OPPORTUNITIES FUND OF FUND  Jul 2026.xlsx | https://www.pgimindia.com/api/v1/brochure/about-us/image/PGIM INDIA GLOBAL EQUITY OPPORTUNITIES FUND OF FUND Aug 2026.xlsx | https://www.pgimindia.com/api/v1/brochure/about-us/image/PGIM INDIA GLOBAL SELECT REAL ESTATE SEC. FOF  Jul 2026.xlsx | https://www.pgimindia.com/api/v1/brochure/about-us/image/PGIM INDIA GLOBAL SELECT REAL ESTATE SEC. FOF Aug 2026.xlsx | https://www.pgimindia.com/api/v1/brochure/about-us/image/PGIM INDIA HEALTHCARE FUND  Jul 2026.xlsx | https://www.pgimindia.com/api/v1/brochure/about-us/image/PGIM INDIA HEALTHCARE FUND Aug 2026.xlsx | https://www.pgimindia.com/api/v1/brochure/about-us/image/PGIM INDIA LARGE AND MIDCAP FUND  Jul 2026.xlsx | https://www.pgimindia.com/api/v1/brochure/about-us/image/PGIM INDIA LARGE AND MIDCAP FUND Aug 2026.xlsx | https://www.pgimindia.com/api/v1/brochure/about-us/image/PGIM INDIA LARGE CAP FUND  Jul 2026.xlsx | https://www.pgimindia.com/api/v1/brochure/about-us/image/PGIM INDIA LARGE CAP FUND Aug 2026.xlsx | https://www.pgimindia.com/api/v1/brochure/about-us/image/PGIM INDIA LIQUID FUND  Jul 2026.xlsx | https://www.pgimindia.com/api/v1/brochure/about-us/image/PGIM INDIA LIQUID FUND Aug 2026.xlsx | https://www.pgimindia.com/api/v1/brochure/about-us/image/PGIM INDIA MIDCAP FUND  Jul 2026.xlsx | https://www.pgimindia.com/api/v1/brochure/about-us/image/PGIM INDIA MIDCAP FUND Aug 2026.xlsx | https://www.pgimindia.com/api/v1/brochure/about-us/image/PGIM INDIA MULTI ASSET ALLOCATION FUND  Jul 2026.xlsx | https://www.pgimindia.com/api/v1/brochure/about-us/image/PGIM INDIA MULTI ASSET ALLOCATION FUND Aug 2026.xlsx | https://www.pgimindia.com/api/v1/brochure/about-us/image/PGIM INDIA MULTI CAP FUND  Jul 2026.xlsx | https://www.pgimindia.com/api/v1/brochure/about-us/image/PGIM INDIA MULTI CAP FUND Aug 2026.xlsx | https://www.pgimindia.com/api/v1/brochure/about-us/image/PGIM INDIA OVERNIGHT FUND  Jul 2026.xlsx | https://www.pgimindia.com/api/v1/brochure/about-us/image/PGIM INDIA OVERNIGHT FUND Aug 2026.xlsx | https://www.pgimindia.com/api/v1/brochure/about-us/image/PGIM INDIA RETIREMENT FUND  Jul 2026.xlsx | https://www.pgimindia.com/api/v1/brochure/about-us/image/PGIM INDIA RETIREMENT FUND Aug 2026.xlsx | https://www.pgimindia.com/api/v1/brochure/about-us/image/PGIM INDIA SMALL CAP FUND  Jul 2026.xlsx | https://www.pgimindia.com/api/v1/brochure/about-us/image/PGIM INDIA SMALL CAP FUND Aug 2026.xlsx | https://www.pgimindia.com/api/v1/brochure/about-us/image/PGIM INDIA ULTRA SHORT DURATION FUND  Jul 2026.xlsx | https://www.pgimindia.com/api/v1/brochure/about-us/image/PGIM INDIA ULTRA SHORT TERM FUND Aug 2026.xlsx
PPFAS Mutual Fund,28,28,28,"2026-08, 2026-07",2026-08,https://amc.ppfas.com/downloads/factsheet/2026/ppfas-mf-factsheet-for-August-2026.pdf?10092026 | https://amc.ppfas.com/downloads/factsheet/2026/ppfas-mf-factsheet-for-July-2026.pdf?07082026 | https://amc.ppfas.com/downloads/portfolio-disclosure/2026/PPAF_PPFAS_Monthly_Portfolio_Report_August_31_2026.xlsx?10092026 | https://amc.ppfas.com/downloads/portfolio-disclosure/2026/PPAF_PPFAS_Monthly_Portfolio_Report_July_31_2026.xlsx?07082026 | https://amc.ppfas.com/downloads/portfolio-disclosure/2026/PPCHF_PPFAS_Monthly_Portfolio_Report_August_31_2026.xlsx?10092026 | https://amc.ppfas.com/downloads/portfolio-disclosure/2026/PPCHF_PPFAS_Monthly_Portfolio_Report_July_31_2026.xlsx?07082026 | https://amc.ppfas.com/downloads/portfolio-disclosure/2026/PPDAAF_PPFAS_Monthly_Portfolio_Report_August_31_2026.xlsx?10092026 | https://amc.ppfas.com/downloads/portfolio-disclosure/2026/PPDAAF_PPFAS_Monthly_Portfolio_Report_July_31_2026.xlsx?07082026_1 | https://amc.ppfas.com/downloads/portfolio-disclosure/2026/PPFAS_Monthly_Portfolio_Report_August_31_2026.xls?10092026 | https://amc.ppfas.com/downloads/portfolio-disclosure/2026/PPFAS_Monthly_Portfolio_Report_July_31_2026.xls?07082026 | https://amc.ppfas.com/downloads/portfolio-disclosure/2026/PPFAS_Monthly_Portfolio_Report_July_31_2026.xls?07082026_4 | https://amc.ppfas.com/downloads/portfolio-disclosure/2026/PPFCF_PPFAS_Monthly_Portfolio_Report_August_31_2026.xlsx?10092026 | https://amc.ppfas.com/downloads/portfolio-disclosure/2026/PPFCF_PPFAS_Monthly_Portfolio_Report_July_31_2026.xlsx?07082026 | https://amc.ppfas.com/downloads/portfolio-disclosure/2026/PPLCF_PPFAS_Monthly_Portfolio_Report_August_31_2026.xlsx?10092026 | https://amc.ppfas.com/downloads/portfolio-disclosure/2026/PPLCF_PPFAS_Monthly_Portfolio_Report_July_31_2026.xlsx?07082026_2 | https://amc.ppfas.com/downloads/portfolio-disclosure/2026/PPLF_PPFAS_Monthly_Portfolio_Report_August_31_2026.xlsx?10092026 | https://amc.ppfas.com/downloads/portfolio-disclosure/2026/PPLF_PPFAS_Monthly_Portfolio_Report_July_31_2026.xlsx?07082026_2 | https://amc.ppfas.com/downloads/portfolio-disclosure/2026/PPTSF_PPFAS_Monthly_Portfolio_Report_August_31_2026.xlsx?10092026 | https://amc.ppfas.com/downloads/portfolio-disclosure/2026/PPTSF_PPFAS_Monthly_Portfolio_Report_July_31_2026.xlsx?07082026_1
quant Mutual Fund,3,3,3,"2026-10, 2026-09, 2026-07",2026-10,https://quantmutual.com/Admin/Factsheet/quant_Factsheet_-_September_2026.pdf | https://quantmutual.com/Admin/Factsheet/quant_Factsheet_July_2026.pdf | https://quantmutual.com/Admin/Factsheet/quant_Factsheet_October_2026.pdf
Quantum Mutual Fund,0,0,0,,,
Samco Mutual Fund,920,920,920,"2026-10, 2026-09, 2026-08, 2026-07, 2026-06, 2026-05",2026-10,https://cdn.samcomf.com//images/mediakit-download/RTA-Branches_Sep26.pdf | https://media1.samco.in/scomamc/amc_documents/03Notice-hostingofHalfyearlyportfolio_1681191126.pdf | https://media1.samco.in/scomamc/amc_documents/04ProductDashboard_July2026_1786361023.xlsx | https://media1.samco.in/scomamc/amc_documents/07Notice-HostingofHalf-yearlyPortfolioStatementoftheSchemeofSamcoM_1649659170.pdf | https://media1.samco.in/scomamc/amc_documents/12Notice-HostingofHalfYearlyPortfolio_1744221856.pdf | https://media1.samco.in/scomamc/amc_documents/17Notice-HostingofHalfyearlyportfolio_1713183988.pdf | https://media1.samco.in/scomamc/amc_documents/19HostingofHalf-yearlyPortfolioStatementoftheSchemeofSamcoMutualFun_1665469253.pdf | https://media1.samco.in/scomamc/amc_documents/24Notice-HostingofHalfYearlyPortfolio_1775802777.pdf | https://media1.samco.in/scomamc/amc_documents/37Notice-hostingofHalfyearlyportfolio_1729162150.pdf | https://media1.samco.in/scomamc/amc_documents/AssetsunderManagementforthequarterendedJune302026_1783410326.xlsx | https://media1.samco.in/scomamc/amc_documents/DetailsofVotescastduringthequarterendedJune302026_1784046936.xlsx | https://media1.samco.in/scomamc/amc_documents/DisclosureofStressTestLiquidityAnalysisAugust2026_1789451775.xlsx | https://media1.samco.in/scomamc/amc_documents/DisclosureofStressTestLiquidityAnalysisJuly2026_1786706936.xlsx | https://media1.samco.in/scomamc/amc_documents/DisclosureofStressTestLiquidityAnalysisJune2026_1784023406.xlsx | https://media1.samco.in/scomamc/amc_documents/DisclosureofStressTestLiquidityAnalysisMay2026_1781502657.xlsx | https://media1.samco.in/scomamc/amc_documents/Factsheet-July2026_1785606935.pdf | https://media1.samco.in/scomamc/amc_documents/HostingofHalf-yearlyPortfolioStatementoftheSchemesofSamcoMutualFund_1696924773.pdf | https://media1.samco.in/scomamc/amc_documents/IN_MF_FORTNIGHTLY_Portfolio_Overnight_15012026_1768823481.xls | https://media1.samco.in/scomamc/amc_documents/IN_MF_FORTNIGHTLY_Portfolio_Overnight_15022025_1739942303.xls | https://media1.samco.in/scomamc/amc_documents/IN_MF_FORTNIGHTLY_Portfolio_Overnight_15022026_1771394207.xls | https://media1.samco.in/scomamc/amc_documents/IN_MF_FORTNIGHTLY_Portfolio_Overnight_15032025_1742285623.xls | https://media1.samco.in/scomamc/amc_documents/IN_MF_FORTNIGHTLY_Portfolio_Overnight_15032026_1773909581.xls | https://media1.samco.in/scomamc/amc_documents/IN_MF_FORTNIGHTLY_Portfolio_Overnight_15042025_1744884929.xls | https://media1.samco.in/scomamc/amc_documents/IN_MF_FORTNIGHTLY_Portfolio_Overnight_15042026_1776660410.xls | https://media1.samco.in/scomamc/amc_documents/IN_MF_FORTNIGHTLY_Portfolio_Overnight_15052025_1747652270.xls | https://media1.samco.in/scomamc/amc_documents/IN_MF_FORTNIGHTLY_Portfolio_Overnight_15052026_1779178301.xlsx | https://media1.samco.in/scomamc/amc_documents/IN_MF_FORTNIGHTLY_Portfolio_Overnight_15062025_1750221447.xls | https://media1.samco.in/scomamc/amc_documents/IN_MF_FORTNIGHTLY_Portfolio_Overnight_15062026_1781782584.xlsx | https://media1.samco.in/scomamc/amc_documents/IN_MF_FORTNIGHTLY_Portfolio_Overnight_15072024_1721452170.xls | https://media1.samco.in/scomamc/amc_documents/IN_MF_FORTNIGHTLY_Portfolio_Overnight_15072025_1752826216.xls | https://media1.samco.in/scomamc/amc_documents/IN_MF_FORTNIGHTLY_Portfolio_Overnight_15072026_1784290241.xlsx | https://media1.samco.in/scomamc/amc_documents/IN_MF_FORTNIGHTLY_Portfolio_Overnight_15082024_1724059777.xls | https://media1.samco.in/scomamc/amc_documents/IN_MF_FORTNIGHTLY_Portfolio_Overnight_15082025_1755598592.xls | https://media1.samco.in/scomamc/amc_documents/IN_MF_FORTNIGHTLY_Portfolio_Overnight_15082026_1787117820.xlsx | https://media1.samco.in/scomamc/amc_documents/IN_MF_FORTNIGHTLY_Portfolio_Overnight_15092024_1726562651.xls | https://media1.samco.in/scomamc/amc_documents/IN_MF_FORTNIGHTLY_Portfolio_Overnight_15092025_1758273574.xls | https://media1.samco.in/scomamc/amc_documents/IN_MF_FORTNIGHTLY_Portfolio_Overnight_15092026_1789729389.xlsx | https://media1.samco.in/scomamc/amc_documents/IN_MF_FORTNIGHTLY_Portfolio_Overnight_15102024_1729149790.xls | https://media1.samco.in/scomamc/amc_documents/IN_MF_FORTNIGHTLY_Portfolio_Overnight_15102025_1760937017.xls | https://media1.samco.in/scomamc/amc_documents/IN_MF_FORTNIGHTLY_Portfolio_Overnight_15112024_1732007132.xls | https://media1.samco.in/scomamc/amc_documents/IN_MF_FORTNIGHTLY_Portfolio_Overnight_15112025_1763541010.xls | https://media1.samco.in/scomamc/amc_documents/IN_MF_FORTNIGHTLY_Portfolio_Overnight_15122025_1766142679.xls | https://media1.samco.in/scomamc/amc_documents/IN_MF_FORTNIGHTLY_Portfolio_Overnight_151224_1734438763.xls | https://media1.samco.in/scomamc/amc_documents/IN_MF_FORTNIGHTLY_Portfolio_Overnight_30062024_1720003465.xls | https://media1.samco.in/scomamc/amc_documents/IN_MF_MONTHLY_PORTFOLIO_Apirl_2026_SamcoELSSTaxSaverFund_1778319341.xlsx | https://media1.samco.in/scomamc/amc_documents/IN_MF_MONTHLY_PORTFOLIO_Apirl_2026_SamcoLargeMidCapFund_1778319343.xlsx | https://media1.samco.in/scomamc/amc_documents/IN_MF_MONTHLY_PORTFOLIO_Apirl_2026_SamcoMid_CapFund_1778319346.xlsx | https://media1.samco.in/scomamc/amc_documents/IN_MF_MONTHLY_PORTFOLIO_Apirl_2026_SamcoMultiAssetAllocationFund_1778319348.xlsx | https://media1.samco.in/scomamc/amc_documents/IN_MF_MONTHLY_PORTFOLIO_Apirl_2026_SamcoMultiCapFund_1778319351.xlsx | https://media1.samco.in/scomamc/amc_documents/IN_MF_MONTHLY_PORTFOLIO_Apirl_2026_Samco_Arbitrage_Fund_1778319338.xlsx | https://media1.samco.in/scomamc/amc_documents/IN_MF_MONTHLY_PORTFOLIO_Apirl_2026_Samco_Small_Cap_Fund_1778319353.xlsx | https://media1.samco.in/scomamc/amc_documents/IN_MF_MONTHLY_PORTFOLIO_Apirl_2026_Samco_Special_Opportunities_Fund_1778319356.xlsx | https://media1.samco.in/scomamc/amc_documents/IN_MF_MONTHLY_PORTFOLIO_July_2026_SamcoDynamicAssetAllocationFund_1786360354.xlsx | https://media1.samco.in/scomamc/amc_documents/IN_MF_MONTHLY_PORTFOLIO_July_2026_SamcoELSSTaxSaverFund_1786360357.xlsx | https://media1.samco.in/scomamc/amc_documents/IN_MF_MONTHLY_PORTFOLIO_July_2026_SamcoLargeCapFund_1786360362.xlsx | https://media1.samco.in/scomamc/amc_documents/IN_MF_MONTHLY_PORTFOLIO_July_2026_SamcoLargeMidCapFund_1786360359.xlsx | https://media1.samco.in/scomamc/amc_documents/IN_MF_MONTHLY_PORTFOLIO_July_2026_SamcoMid_CapFund_1786360364.xlsx | https://media1.samco.in/scomamc/amc_documents/IN_MF_MONTHLY_PORTFOLIO_July_2026_SamcoMultiAssetAllocationFund_1786360366.xlsx | https://media1.samco.in/scomamc/amc_documents/IN_MF_MONTHLY_PORTFOLIO_July_2026_SamcoMultiCapFund_1786360369.xlsx | https://media1.samco.in/scomamc/amc_documents/IN_MF_MONTHLY_PORTFOLIO_July_2026_Samco_Active_Momentum_Fund_1786360350.xlsx | https://media1.samco.in/scomamc/amc_documents/IN_MF_MONTHLY_PORTFOLIO_July_2026_Samco_Arbitrage_Fund_1786360352.xlsx | https://media1.samco.in/scomamc/amc_documents/IN_MF_MONTHLY_PORTFOLIO_July_2026_Samco_Flexicap_Fund_1786360436.xlsx | https://media1.samco.in/scomamc/amc_documents/IN_MF_MONTHLY_PORTFOLIO_July_2026_Samco_Small_Cap_Fund_1786360371.xlsx | https://media1.samco.in/scomamc/amc_documents/IN_MF_MONTHLY_PORTFOLIO_July_2026_Samco_Special_Opportunities_Fund_1786360438.xlsx | https://media1.samco.in/scomamc/amc_documents/IN_MF_PORTFOLIOMonthly_Fortnightly_OvernightFund_30042023_1684489226.xls | https://media1.samco.in/scomamc/amc_documents/IN_MF_PORTFOLIOMonthly_Fortnightly_OvernightFund_31032023_1680672961.xls | https://media1.samco.in/scomamc/amc_documents/IN_MF_PORTFOLIOMonthly_Fortnightly_OvernightFund_31032023_1683272242.xls | https://media1.samco.in/scomamc/amc_documents/IN_MF_PORTFOLIO_FORTNIGHTLY_OvernightFund_15012023_1674105828.xls | https://media1.samco.in/scomamc/amc_documents/IN_MF_PORTFOLIO_FORTNIGHTLY_OvernightFund_15022023_1676629687.xls | https://media1.samco.in/scomamc/amc_documents/IN_MF_PORTFOLIO_FORTNIGHTLY_OvernightFund_15032024_1710832056.xls | https://media1.samco.in/scomamc/amc_documents/IN_MF_PORTFOLIO_FORTNIGHTLY_OvernightFund_15042024_1713428861.xls | https://media1.samco.in/scomamc/amc_documents/IN_MF_PORTFOLIO_FORTNIGHTLY_OvernightFund_15052023_1684489343.xls | https://media1.samco.in/scomamc/amc_documents/IN_MF_PORTFOLIO_FORTNIGHTLY_OvernightFund_15052024_1715934067.xls | https://media1.samco.in/scomamc/amc_documents/IN_MF_PORTFOLIO_FORTNIGHTLY_OvernightFund_15062023_1687165372.xls | https://media1.samco.in/scomamc/amc_documents/IN_MF_PORTFOLIO_FORTNIGHTLY_OvernightFund_15072023_1689763542.xls | https://media1.samco.in/scomamc/amc_documents/IN_MF_PORTFOLIO_FORTNIGHTLY_OvernightFund_15102022_1666267772.xls | https://media1.samco.in/scomamc/amc_documents/IN_MF_PORTFOLIO_FORTNIGHTLY_OvernightFund_15112022_1668769856.xls | https://media1.samco.in/scomamc/amc_documents/IN_MF_PORTFOLIO_FORTNIGHTLY_OvernightFund_15122022_1671425758.xls | https://media1.samco.in/scomamc/amc_documents/IN_MF_PORTFOLIO_FORTNIGHTLY_OvernightFund_31102022_1667548847.xls | https://media1.samco.in/scomamc/amc_documents/IN_MF_PORTFOLIO_Fortnightly_OvernightFund_15032023_1679050063.xls | https://media1.samco.in/scomamc/amc_documents/IN_MF_PORTFOLIO_Fortnightly_OvernightFund_15042023_1681972173.xls | https://media1.samco.in/scomamc/amc_documents/IN_MF_PORTFOLIO_Monthly-Fortnightly_OvernightFund_28022023_1677908774.xls | https://media1.samco.in/scomamc/amc_documents/IN_MF_PORTFOLIO_Monthly-Fortnightly_OvernightFund_28022023_1679565141.xls | https://media1.samco.in/scomamc/amc_documents/IN_MF_PORTFOLIO_Monthly-Fortnightly_OvernightFund_30112022_1670231123.xls | https://media1.samco.in/scomamc/amc_documents/IN_MF_PORTFOLIO_Monthly-Fortnightly_OvernightFund_30112022_1670231158.xls | https://media1.samco.in/scomamc/amc_documents/IN_MF_PORTFOLIO_Monthly-Fortnightly_OvernightFund_31012023_1675423831.xls | https://media1.samco.in/scomamc/amc_documents/IN_MF_PORTFOLIO_Monthly-Fortnightly_OvernightFund_31012023_1679565093.xls | https://media1.samco.in/scomamc/amc_documents/IN_MF_PORTFOLIO_Monthly-Fortnightly_OvernightFund_31122022_1672913900.xls | https://media1.samco.in/scomamc/amc_documents/IN_MF_PORTFOLIO_Monthly-Fortnightly_OvernightFund_31122022_1673244098.xls | https://media1.samco.in/scomamc/amc_documents/IN_MF_Portfolio_Fortnightly_OvernightFund_15012024_1705558402.xls | https://media1.samco.in/scomamc/amc_documents/IN_MF_Portfolio_Fortnightly_OvernightFund_15022024_1708330960.xls | https://media1.samco.in/scomamc/amc_documents/IN_MF_Portfolio_Fortnightly_OvernightFund_15062024_1718801175.xls | https://media1.samco.in/scomamc/amc_documents/IN_MF_Portfolio_Fortnightly_OvernightFund_15082023_1692361448.xls | https://media1.samco.in/scomamc/amc_documents/IN_MF_Portfolio_Fortnightly_OvernightFund_15092023_1695187965.xls | https://media1.samco.in/scomamc/amc_documents/IN_MF_Portfolio_Fortnightly_OvernightFund_15102023_1697715840.xls | https://media1.samco.in/scomamc/amc_documents/IN_MF_Portfolio_Fortnightly_OvernightFund_15112023_1700468260.xls | https://media1.samco.in/scomamc/amc_documents/IN_MF_Portfolio_Fortnightly_OvernightFund_15122023_1702991830.xls | https://media1.samco.in/scomamc/amc_documents/IN_MF_Portfolio_Monthly_Fortnightly_OvernightFund_15012025_1737367510.xlsx | https://media1.samco.in/scomamc/amc_documents/IN_MF_Portfolio_Monthly_Fortnightly_OvernightFund_28022025_1741166271.xls | https://media1.samco.in/scomamc/amc_documents/IN_MF_Portfolio_Monthly_Fortnightly_OvernightFund_28022025_1741166640.xls | https://media1.samco.in/scomamc/amc_documents/IN_MF_Portfolio_Monthly_Fortnightly_OvernightFund_28022026_1772712402.xls | https://media1.samco.in/scomamc/amc_documents/IN_MF_Portfolio_Monthly_Fortnightly_OvernightFund_28022026_1783059841.xls | https://media1.samco.in/scomamc/amc_documents/IN_MF_Portfolio_Monthly_Fortnightly_OvernightFund_2902024_1709635627.xls | https://media1.samco.in/scomamc/amc_documents/IN_MF_Portfolio_Monthly_Fortnightly_OvernightFund_30042024_1714742680.xls | https://media1.samco.in/scomamc/amc_documents/IN_MF_Portfolio_Monthly_Fortnightly_OvernightFund_30042024_1714742722.xls | https://media1.samco.in/scomamc/amc_documents/IN_MF_Portfolio_Monthly_Fortnightly_OvernightFund_30042025_1746433106.xls | https://media1.samco.in/scomamc/amc_documents/IN_MF_Portfolio_Monthly_Fortnightly_OvernightFund_30042025_1746433320.xls | https://media1.samco.in/scomamc/amc_documents/IN_MF_Portfolio_Monthly_Fortnightly_OvernightFund_30042026_1777980284.xlsx | https://media1.samco.in/scomamc/amc_documents/IN_MF_Portfolio_Monthly_Fortnightly_OvernightFund_30042026_1783059901.xlsx | https://media1.samco.in/scomamc/amc_documents/IN_MF_Portfolio_Monthly_Fortnightly_OvernightFund_30062023_1688463224.xls | https://media1.samco.in/scomamc/amc_documents/IN_MF_Portfolio_Monthly_Fortnightly_OvernightFund_30062023_1688463338.xls | https://media1.samco.in/scomamc/amc_documents/IN_MF_Portfolio_Monthly_Fortnightly_OvernightFund_30062025_1751617301.xls | https://media1.samco.in/scomamc/amc_documents/IN_MF_Portfolio_Monthly_Fortnightly_OvernightFund_30062025_1751617351.xls | https://media1.samco.in/scomamc/amc_documents/IN_MF_Portfolio_Monthly_Fortnightly_OvernightFund_30062026_1783059655.xlsx | https://media1.samco.in/scomamc/amc_documents/IN_MF_Portfolio_Monthly_Fortnightly_OvernightFund_30062026_1783059761.xlsx | https://media1.samco.in/scomamc/amc_documents/IN_MF_Portfolio_Monthly_Fortnightly_OvernightFund_30092024_1728030227.xls | https://media1.samco.in/scomamc/amc_documents/IN_MF_Portfolio_Monthly_Fortnightly_OvernightFund_30092025_1759556306.xls | https://media1.samco.in/scomamc/amc_documents/IN_MF_Portfolio_Monthly_Fortnightly_OvernightFund_30112023_1701763642.xls | https://media1.samco.in/scomamc/amc_documents/IN_MF_Portfolio_Monthly_Fortnightly_OvernightFund_30112024_1733402116.xls | https://media1.samco.in/scomamc/amc_documents/IN_MF_Portfolio_Monthly_Fortnightly_OvernightFund_30112024_1733402275.xls | https://media1.samco.in/scomamc/amc_documents/IN_MF_Portfolio_Monthly_Fortnightly_OvernightFund_30112025_1764846875.xls | https://media1.samco.in/scomamc/amc_documents/IN_MF_Portfolio_Monthly_Fortnightly_OvernightFund_309092023_1696411056.xls | https://media1.samco.in/scomamc/amc_documents/IN_MF_Portfolio_Monthly_Fortnightly_OvernightFund_309092023_1696411497.xls | https://media1.samco.in/scomamc/amc_documents/IN_MF_Portfolio_Monthly_Fortnightly_OvernightFund_31012024_1707121566.xls | https://media1.samco.in/scomamc/amc_documents/IN_MF_Portfolio_Monthly_Fortnightly_OvernightFund_31012025_1738664447.xls | https://media1.samco.in/scomamc/amc_documents/IN_MF_Portfolio_Monthly_Fortnightly_OvernightFund_31012026_1770194866.xls | https://media1.samco.in/scomamc/amc_documents/IN_MF_Portfolio_Monthly_Fortnightly_OvernightFund_31012026_1770195082.xls | https://media1.samco.in/scomamc/amc_documents/IN_MF_Portfolio_Monthly_Fortnightly_OvernightFund_31032024_1712145532.xls | https://media1.samco.in/scomamc/amc_documents/IN_MF_Portfolio_Monthly_Fortnightly_OvernightFund_31032024_1712145588.xls | https://media1.samco.in/scomamc/amc_documents/IN_MF_Portfolio_Monthly_Fortnightly_OvernightFund_31032025_1743772678.xls | https://media1.samco.in/scomamc/amc_documents/IN_MF_Portfolio_Monthly_Fortnightly_OvernightFund_31032025_1743772804.xls | https://media1.samco.in/scomamc/amc_documents/IN_MF_Portfolio_Monthly_Fortnightly_OvernightFund_31032026_1775232832.xls | https://media1.samco.in/scomamc/amc_documents/IN_MF_Portfolio_Monthly_Fortnightly_OvernightFund_31052023_1685958404.xls | https://media1.samco.in/scomamc/amc_documents/IN_MF_Portfolio_Monthly_Fortnightly_OvernightFund_31052024_1717510611.xls | https://media1.samco.in/scomamc/amc_documents/IN_MF_Portfolio_Monthly_Fortnightly_OvernightFund_31052025_1749031637.xls | https://media1.samco.in/scomamc/amc_documents/IN_MF_Portfolio_Monthly_Fortnightly_OvernightFund_31052025_1749031677.xls | https://media1.samco.in/scomamc/amc_documents/IN_MF_Portfolio_Monthly_Fortnightly_OvernightFund_31052026_1780645264.xlsx | https://media1.samco.in/scomamc/amc_documents/IN_MF_Portfolio_Monthly_Fortnightly_OvernightFund_31052026_1783059938.xlsx | https://media1.samco.in/scomamc/amc_documents/IN_MF_Portfolio_Monthly_Fortnightly_OvernightFund_31072023_1691142965.xls | https://media1.samco.in/scomamc/amc_documents/IN_MF_Portfolio_Monthly_Fortnightly_OvernightFund_31072024_1722845353.xls | https://media1.samco.in/scomamc/amc_documents/IN_MF_Portfolio_Monthly_Fortnightly_OvernightFund_31072025_1754291084.xls | https://media1.samco.in/scomamc/amc_documents/IN_MF_Portfolio_Monthly_Fortnightly_OvernightFund_31072025_1754291135.xls | https://media1.samco.in/scomamc/amc_documents/IN_MF_Portfolio_Monthly_Fortnightly_OvernightFund_31072026_1785836948.xlsx | https://media1.samco.in/scomamc/amc_documents/IN_MF_Portfolio_Monthly_Fortnightly_OvernightFund_31072026_1785836989.xlsx | https://media1.samco.in/scomamc/amc_documents/IN_MF_Portfolio_Monthly_Fortnightly_OvernightFund_31082023_1693830840.xls | https://media1.samco.in/scomamc/amc_documents/IN_MF_Portfolio_Monthly_Fortnightly_OvernightFund_31082023_1693830875.xls | https://media1.samco.in/scomamc/amc_documents/IN_MF_Portfolio_Monthly_Fortnightly_OvernightFund_31082024_1725446054.xls | https://media1.samco.in/scomamc/amc_documents/IN_MF_Portfolio_Monthly_Fortnightly_OvernightFund_31082025_1756893331.xls | https://media1.samco.in/scomamc/amc_documents/IN_MF_Portfolio_Monthly_Fortnightly_OvernightFund_31082026_1788514231.xlsx | https://media1.samco.in/scomamc/amc_documents/IN_MF_Portfolio_Monthly_Fortnightly_OvernightFund_31082026_1788514290.xlsx | https://media1.samco.in/scomamc/amc_documents/IN_MF_Portfolio_Monthly_Fortnightly_OvernightFund_31102023_1699070595.xls | https://media1.samco.in/scomamc/amc_documents/IN_MF_Portfolio_Monthly_Fortnightly_OvernightFund_31102024_1730807498.xls | https://media1.samco.in/scomamc/amc_documents/IN_MF_Portfolio_Monthly_Fortnightly_OvernightFund_31102024_1730807774.xls | https://media1.samco.in/scomamc/amc_documents/IN_MF_Portfolio_Monthly_Fortnightly_OvernightFund_31102025_1762241390.xls | https://media1.samco.in/scomamc/amc_documents/IN_MF_Portfolio_Monthly_Fortnightly_OvernightFund_31122023_1704371551.xls | https://media1.samco.in/scomamc/amc_documents/IN_MF_Portfolio_Monthly_Fortnightly_OvernightFund_31122024_1735893406.xlsx | https://media1.samco.in/scomamc/amc_documents/IN_MF_Portfolio_Monthly_Fortnightly_OvernightFund_31122024_1735894825.xlsx | https://media1.samco.in/scomamc/amc_documents/IN_MF_Portfolio_Monthly_Fortnightly_OvernightFund_31122025_1767597532.xls | https://media1.samco.in/scomamc/amc_documents/IN_MF_Portfolio_Monthly_Fortnightly_OvernightFund_31122025_1767597588.xls | https://media1.samco.in/scomamc/amc_documents/ListofGroupCompanies_Sep2026_1790838616.pdf | https://media1.samco.in/scomamc/amc_documents/MethodologyforFactsheet_1788179550.pdf | https://media1.samco.in/scomamc/amc_documents/RebalancingofPortfolioofSamcoELSSTaxSaverFundasperMandatedAssetAllo_1698843227.pdf | https://media1.samco.in/scomamc/amc_documents/RebalancingofPortfolioofSamcoLargeCapFundasperMandatedAssetAllocatio_1757597698.pdf | https://media1.samco.in/scomamc/amc_documents/RebalancingofPortfolioofSamcoLargeandMidCapFundasperMandatedAssetA_1758202163.pdf | https://media1.samco.in/scomamc/amc_documents/RebalancingofPortfolioofSamcoMultiAssetAllocationFundasperMandatedAs_1750225645.pdf | https://media1.samco.in/scomamc/amc_documents/RebalancingofPortfolioofSamcoMultiCapFundasperMandatedAssetAllocatio_1750226362.pdf | https://media1.samco.in/scomamc/amc_documents/RebalancingofPortfolioofSamcoMultiCapFundasperMandatedAssetAllocatio_1767766800.pdf | https://media1.samco.in/scomamc/amc_documents/RebalancingofthePortfolioofSamcoMultiCapFundaspertheMandatedAssetA_1760619691.pdf | https://media1.samco.in/scomamc/amc_documents/RedressalofComplaintsreceived-July2026_1786098674.pdf | https://www.samcomf.com/amc-document-download/03Notice-hostingofHalfyearlyportfolio_1681191126.pdf | https://www.samcomf.com/amc-document-download/04ProductDashboard_July2026_1786361023.xlsx | https://www.samcomf.com/amc-document-download/07Notice-HostingofHalf-yearlyPortfolioStatementoftheSchemeofSamcoM_1649659170.pdf | https://www.samcomf.com/amc-document-download/12Notice-HostingofHalfYearlyPortfolio_1744221856.pdf | https://www.samcomf.com/amc-document-download/17Notice-HostingofHalfyearlyportfolio_1713183988.pdf | https://www.samcomf.com/amc-document-download/19HostingofHalf-yearlyPortfolioStatementoftheSchemeofSamcoMutualFun_1665469253.pdf | https://www.samcomf.com/amc-document-download/24Notice-HostingofHalfYearlyPortfolio_1775802777.pdf | https://www.samcomf.com/amc-document-download/37Notice-hostingofHalfyearlyportfolio_1729162150.pdf | https://www.samcomf.com/amc-document-download/AssetsunderManagementforthequarterendedJune302026_1783410326.xlsx | https://www.samcomf.com/amc-document-download/DetailsofVotescastduringthequarterendedJune302026_1784046936.xlsx | https://www.samcomf.com/amc-document-download/DisclosureofStressTestLiquidityAnalysisAugust2026_1789451775.xlsx | https://www.samcomf.com/amc-document-download/DisclosureofStressTestLiquidityAnalysisJuly2026_1786706936.xlsx | https://www.samcomf.com/amc-document-download/DisclosureofStressTestLiquidityAnalysisJune2026_1784023406.xlsx | https://www.samcomf.com/amc-document-download/DisclosureofStressTestLiquidityAnalysisMay2026_1781502657.xlsx | https://www.samcomf.com/amc-document-download/Factsheet-July2026_1785606935.pdf | https://www.samcomf.com/amc-document-download/HostingofHalf-yearlyPortfolioStatementoftheSchemesofSamcoMutualFund_1696924773.pdf | https://www.samcomf.com/amc-document-download/IN_MF_FORTNIGHTLY_Portfolio_Overnight_15012026_1768823481.xls | https://www.samcomf.com/amc-document-download/IN_MF_FORTNIGHTLY_Portfolio_Overnight_15022025_1739942303.xls | https://www.samcomf.com/amc-document-download/IN_MF_FORTNIGHTLY_Portfolio_Overnight_15022026_1771394207.xls | https://www.samcomf.com/amc-document-download/IN_MF_FORTNIGHTLY_Portfolio_Overnight_15032025_1742285623.xls | https://www.samcomf.com/amc-document-download/IN_MF_FORTNIGHTLY_Portfolio_Overnight_15032026_1773909581.xls | https://www.samcomf.com/amc-document-download/IN_MF_FORTNIGHTLY_Portfolio_Overnight_15042025_1744884929.xls | https://www.samcomf.com/amc-document-download/IN_MF_FORTNIGHTLY_Portfolio_Overnight_15042026_1776660410.xls | https://www.samcomf.com/amc-document-download/IN_MF_FORTNIGHTLY_Portfolio_Overnight_15052025_1747652270.xls | https://www.samcomf.com/amc-document-download/IN_MF_FORTNIGHTLY_Portfolio_Overnight_15052026_1779178301.xlsx | https://www.samcomf.com/amc-document-download/IN_MF_FORTNIGHTLY_Portfolio_Overnight_15062025_1750221447.xls | https://www.samcomf.com/amc-document-download/IN_MF_FORTNIGHTLY_Portfolio_Overnight_15062026_1781782584.xlsx | https://www.samcomf.com/amc-document-download/IN_MF_FORTNIGHTLY_Portfolio_Overnight_15072024_1721452170.xls | https://www.samcomf.com/amc-document-download/IN_MF_FORTNIGHTLY_Portfolio_Overnight_15072025_1752826216.xls | https://www.samcomf.com/amc-document-download/IN_MF_FORTNIGHTLY_Portfolio_Overnight_15072026_1784290241.xlsx | https://www.samcomf.com/amc-document-download/IN_MF_FORTNIGHTLY_Portfolio_Overnight_15082024_1724059777.xls | https://www.samcomf.com/amc-document-download/IN_MF_FORTNIGHTLY_Portfolio_Overnight_15082025_1755598592.xls | https://www.samcomf.com/amc-document-download/IN_MF_FORTNIGHTLY_Portfolio_Overnight_15082026_1787117820.xlsx | https://www.samcomf.com/amc-document-download/IN_MF_FORTNIGHTLY_Portfolio_Overnight_15092024_1726562651.xls | https://www.samcomf.com/amc-document-download/IN_MF_FORTNIGHTLY_Portfolio_Overnight_15092025_1758273574.xls | https://www.samcomf.com/amc-document-download/IN_MF_FORTNIGHTLY_Portfolio_Overnight_15092026_1789729389.xlsx | https://www.samcomf.com/amc-document-download/IN_MF_FORTNIGHTLY_Portfolio_Overnight_15102024_1729149790.xls | https://www.samcomf.com/amc-document-download/IN_MF_FORTNIGHTLY_Portfolio_Overnight_15102025_1760937017.xls | https://www.samcomf.com/amc-document-download/IN_MF_FORTNIGHTLY_Portfolio_Overnight_15112024_1732007132.xls | https://www.samcomf.com/amc-document-download/IN_MF_FORTNIGHTLY_Portfolio_Overnight_15112025_1763541010.xls | https://www.samcomf.com/amc-document-download/IN_MF_FORTNIGHTLY_Portfolio_Overnight_15122025_1766142679.xls | https://www.samcomf.com/amc-document-download/IN_MF_FORTNIGHTLY_Portfolio_Overnight_151224_1734438763.xls | https://www.samcomf.com/amc-document-download/IN_MF_FORTNIGHTLY_Portfolio_Overnight_30062024_1720003465.xls | https://www.samcomf.com/amc-document-download/IN_MF_MONTHLY_PORTFOLIO_Apirl_2026_SamcoELSSTaxSaverFund_1778319341.xlsx | https://www.samcomf.com/amc-document-download/IN_MF_MONTHLY_PORTFOLIO_Apirl_2026_SamcoLargeMidCapFund_1778319343.xlsx | https://www.samcomf.com/amc-document-download/IN_MF_MONTHLY_PORTFOLIO_Apirl_2026_SamcoMid_CapFund_1778319346.xlsx | https://www.samcomf.com/amc-document-download/IN_MF_MONTHLY_PORTFOLIO_Apirl_2026_SamcoMultiAssetAllocationFund_1778319348.xlsx | https://www.samcomf.com/amc-document-download/IN_MF_MONTHLY_PORTFOLIO_Apirl_2026_SamcoMultiCapFund_1778319351.xlsx | https://www.samcomf.com/amc-document-download/IN_MF_MONTHLY_PORTFOLIO_Apirl_2026_Samco_Arbitrage_Fund_1778319338.xlsx | https://www.samcomf.com/amc-document-download/IN_MF_MONTHLY_PORTFOLIO_Apirl_2026_Samco_Small_Cap_Fund_1778319353.xlsx | https://www.samcomf.com/amc-document-download/IN_MF_MONTHLY_PORTFOLIO_Apirl_2026_Samco_Special_Opportunities_Fund_1778319356.xlsx | https://www.samcomf.com/amc-document-download/IN_MF_MONTHLY_PORTFOLIO_July_2026_SamcoDynamicAssetAllocationFund_1786360354.xlsx | https://www.samcomf.com/amc-document-download/IN_MF_MONTHLY_PORTFOLIO_July_2026_SamcoELSSTaxSaverFund_1786360357.xlsx | https://www.samcomf.com/amc-document-download/IN_MF_MONTHLY_PORTFOLIO_July_2026_SamcoLargeCapFund_1786360362.xlsx | https://www.samcomf.com/amc-document-download/IN_MF_MONTHLY_PORTFOLIO_July_2026_SamcoLargeMidCapFund_1786360359.xlsx | https://www.samcomf.com/amc-document-download/IN_MF_MONTHLY_PORTFOLIO_July_2026_SamcoMid_CapFund_1786360364.xlsx | https://www.samcomf.com/amc-document-download/IN_MF_MONTHLY_PORTFOLIO_July_2026_SamcoMultiAssetAllocationFund_1786360366.xlsx | https://www.samcomf.com/amc-document-download/IN_MF_MONTHLY_PORTFOLIO_July_2026_SamcoMultiCapFund_1786360369.xlsx | https://www.samcomf.com/amc-document-download/IN_MF_MONTHLY_PORTFOLIO_July_2026_Samco_Active_Momentum_Fund_1786360350.xlsx | https://www.samcomf.com/amc-document-download/IN_MF_MONTHLY_PORTFOLIO_July_2026_Samco_Arbitrage_Fund_1786360352.xlsx | https://www.samcomf.com/amc-document-download/IN_MF_MONTHLY_PORTFOLIO_July_2026_Samco_Flexicap_Fund_1786360436.xlsx | https://www.samcomf.com/amc-document-download/IN_MF_MONTHLY_PORTFOLIO_July_2026_Samco_Small_Cap_Fund_1786360371.xlsx | https://www.samcomf.com/amc-document-download/IN_MF_MONTHLY_PORTFOLIO_July_2026_Samco_Special_Opportunities_Fund_1786360438.xlsx | https://www.samcomf.com/amc-document-download/IN_MF_PORTFOLIOMonthly_Fortnightly_OvernightFund_30042023_1684489226.xls | https://www.samcomf.com/amc-document-download/IN_MF_PORTFOLIOMonthly_Fortnightly_OvernightFund_31032023_1680672961.xls | https://www.samcomf.com/amc-document-download/IN_MF_PORTFOLIOMonthly_Fortnightly_OvernightFund_31032023_1683272242.xls | https://www.samcomf.com/amc-document-download/IN_MF_PORTFOLIO_FORTNIGHTLY_OvernightFund_15012023_1674105828.xls | https://www.samcomf.com/amc-document-download/IN_MF_PORTFOLIO_FORTNIGHTLY_OvernightFund_15022023_1676629687.xls | https://www.samcomf.com/amc-document-download/IN_MF_PORTFOLIO_FORTNIGHTLY_OvernightFund_15032024_1710832056.xls | https://www.samcomf.com/amc-document-download/IN_MF_PORTFOLIO_FORTNIGHTLY_OvernightFund_15042024_1713428861.xls | https://www.samcomf.com/amc-document-download/IN_MF_PORTFOLIO_FORTNIGHTLY_OvernightFund_15052023_1684489343.xls | https://www.samcomf.com/amc-document-download/IN_MF_PORTFOLIO_FORTNIGHTLY_OvernightFund_15052024_1715934067.xls | https://www.samcomf.com/amc-document-download/IN_MF_PORTFOLIO_FORTNIGHTLY_OvernightFund_15062023_1687165372.xls | https://www.samcomf.com/amc-document-download/IN_MF_PORTFOLIO_FORTNIGHTLY_OvernightFund_15072023_1689763542.xls | https://www.samcomf.com/amc-document-download/IN_MF_PORTFOLIO_FORTNIGHTLY_OvernightFund_15102022_1666267772.xls | https://www.samcomf.com/amc-document-download/IN_MF_PORTFOLIO_FORTNIGHTLY_OvernightFund_15112022_1668769856.xls | https://www.samcomf.com/amc-document-download/IN_MF_PORTFOLIO_FORTNIGHTLY_OvernightFund_15122022_1671425758.xls | https://www.samcomf.com/amc-document-download/IN_MF_PORTFOLIO_FORTNIGHTLY_OvernightFund_31102022_1667548847.xls | https://www.samcomf.com/amc-document-download/IN_MF_PORTFOLIO_Fortnightly_OvernightFund_15032023_1679050063.xls | https://www.samcomf.com/amc-document-download/IN_MF_PORTFOLIO_Fortnightly_OvernightFund_15042023_1681972173.xls | https://www.samcomf.com/amc-document-download/IN_MF_PORTFOLIO_Monthly-Fortnightly_OvernightFund_28022023_1677908774.xls | https://www.samcomf.com/amc-document-download/IN_MF_PORTFOLIO_Monthly-Fortnightly_OvernightFund_28022023_1679565141.xls | https://www.samcomf.com/amc-document-download/IN_MF_PORTFOLIO_Monthly-Fortnightly_OvernightFund_30112022_1670231123.xls | https://www.samcomf.com/amc-document-download/IN_MF_PORTFOLIO_Monthly-Fortnightly_OvernightFund_30112022_1670231158.xls | https://www.samcomf.com/amc-document-download/IN_MF_PORTFOLIO_Monthly-Fortnightly_OvernightFund_31012023_1675423831.xls | https://www.samcomf.com/amc-document-download/IN_MF_PORTFOLIO_Monthly-Fortnightly_OvernightFund_31012023_1679565093.xls | https://www.samcomf.com/amc-document-download/IN_MF_PORTFOLIO_Monthly-Fortnightly_OvernightFund_31122022_1672913900.xls | https://www.samcomf.com/amc-document-download/IN_MF_PORTFOLIO_Monthly-Fortnightly_OvernightFund_31122022_1673244098.xls | https://www.samcomf.com/amc-document-download/IN_MF_Portfolio_Fortnightly_OvernightFund_15012024_1705558402.xls | https://www.samcomf.com/amc-document-download/IN_MF_Portfolio_Fortnightly_OvernightFund_15022024_1708330960.xls | https://www.samcomf.com/amc-document-download/IN_MF_Portfolio_Fortnightly_OvernightFund_15062024_1718801175.xls | https://www.samcomf.com/amc-document-download/IN_MF_Portfolio_Fortnightly_OvernightFund_15082023_1692361448.xls | https://www.samcomf.com/amc-document-download/IN_MF_Portfolio_Fortnightly_OvernightFund_15092023_1695187965.xls | https://www.samcomf.com/amc-document-download/IN_MF_Portfolio_Fortnightly_OvernightFund_15102023_1697715840.xls | https://www.samcomf.com/amc-document-download/IN_MF_Portfolio_Fortnightly_OvernightFund_15112023_1700468260.xls | https://www.samcomf.com/amc-document-download/IN_MF_Portfolio_Fortnightly_OvernightFund_15122023_1702991830.xls | https://www.samcomf.com/amc-document-download/IN_MF_Portfolio_Monthly_Fortnightly_OvernightFund_15012025_1737367510.xlsx | https://www.samcomf.com/amc-document-download/IN_MF_Portfolio_Monthly_Fortnightly_OvernightFund_28022025_1741166271.xls | https://www.samcomf.com/amc-document-download/IN_MF_Portfolio_Monthly_Fortnightly_OvernightFund_28022025_1741166640.xls | https://www.samcomf.com/amc-document-download/IN_MF_Portfolio_Monthly_Fortnightly_OvernightFund_28022026_1772712402.xls | https://www.samcomf.com/amc-document-download/IN_MF_Portfolio_Monthly_Fortnightly_OvernightFund_28022026_1783059841.xls | https://www.samcomf.com/amc-document-download/IN_MF_Portfolio_Monthly_Fortnightly_OvernightFund_2902024_1709635627.xls | https://www.samcomf.com/amc-document-download/IN_MF_Portfolio_Monthly_Fortnightly_OvernightFund_30042024_1714742680.xls | https://www.samcomf.com/amc-document-download/IN_MF_Portfolio_Monthly_Fortnightly_OvernightFund_30042024_1714742722.xls | https://www.samcomf.com/amc-document-download/IN_MF_Portfolio_Monthly_Fortnightly_OvernightFund_30042025_1746433106.xls | https://www.samcomf.com/amc-document-download/IN_MF_Portfolio_Monthly_Fortnightly_OvernightFund_30042025_1746433320.xls | https://www.samcomf.com/amc-document-download/IN_MF_Portfolio_Monthly_Fortnightly_OvernightFund_30042026_1777980284.xlsx | https://www.samcomf.com/amc-document-download/IN_MF_Portfolio_Monthly_Fortnightly_OvernightFund_30042026_1783059901.xlsx | https://www.samcomf.com/amc-document-download/IN_MF_Portfolio_Monthly_Fortnightly_OvernightFund_30062023_1688463224.xls | https://www.samcomf.com/amc-document-download/IN_MF_Portfolio_Monthly_Fortnightly_OvernightFund_30062023_1688463338.xls | https://www.samcomf.com/amc-document-download/IN_MF_Portfolio_Monthly_Fortnightly_OvernightFund_30062025_1751617301.xls | https://www.samcomf.com/amc-document-download/IN_MF_Portfolio_Monthly_Fortnightly_OvernightFund_30062025_1751617351.xls | https://www.samcomf.com/amc-document-download/IN_MF_Portfolio_Monthly_Fortnightly_OvernightFund_30062026_1783059655.xlsx | https://www.samcomf.com/amc-document-download/IN_MF_Portfolio_Monthly_Fortnightly_OvernightFund_30062026_1783059761.xlsx | https://www.samcomf.com/amc-document-download/IN_MF_Portfolio_Monthly_Fortnightly_OvernightFund_30092024_1728030227.xls | https://www.samcomf.com/amc-document-download/IN_MF_Portfolio_Monthly_Fortnightly_OvernightFund_30092025_1759556306.xls | https://www.samcomf.com/amc-document-download/IN_MF_Portfolio_Monthly_Fortnightly_OvernightFund_30112023_1701763642.xls | https://www.samcomf.com/amc-document-download/IN_MF_Portfolio_Monthly_Fortnightly_OvernightFund_30112024_1733402116.xls | https://www.samcomf.com/amc-document-download/IN_MF_Portfolio_Monthly_Fortnightly_OvernightFund_30112024_1733402275.xls | https://www.samcomf.com/amc-document-download/IN_MF_Portfolio_Monthly_Fortnightly_OvernightFund_30112025_1764846875.xls | https://www.samcomf.com/amc-document-download/IN_MF_Portfolio_Monthly_Fortnightly_OvernightFund_309092023_1696411056.xls | https://www.samcomf.com/amc-document-download/IN_MF_Portfolio_Monthly_Fortnightly_OvernightFund_309092023_1696411497.xls | https://www.samcomf.com/amc-document-download/IN_MF_Portfolio_Monthly_Fortnightly_OvernightFund_31012024_1707121566.xls | https://www.samcomf.com/amc-document-download/IN_MF_Portfolio_Monthly_Fortnightly_OvernightFund_31012025_1738664447.xls | https://www.samcomf.com/amc-document-download/IN_MF_Portfolio_Monthly_Fortnightly_OvernightFund_31012026_1770194866.xls | https://www.samcomf.com/amc-document-download/IN_MF_Portfolio_Monthly_Fortnightly_OvernightFund_31012026_1770195082.xls | https://www.samcomf.com/amc-document-download/IN_MF_Portfolio_Monthly_Fortnightly_OvernightFund_31032024_1712145532.xls | https://www.samcomf.com/amc-document-download/IN_MF_Portfolio_Monthly_Fortnightly_OvernightFund_31032024_1712145588.xls | https://www.samcomf.com/amc-document-download/IN_MF_Portfolio_Monthly_Fortnightly_OvernightFund_31032025_1743772678.xls | https://www.samcomf.com/amc-document-download/IN_MF_Portfolio_Monthly_Fortnightly_OvernightFund_31032025_1743772804.xls | https://www.samcomf.com/amc-document-download/IN_MF_Portfolio_Monthly_Fortnightly_OvernightFund_31032026_1775232832.xls | https://www.samcomf.com/amc-document-download/IN_MF_Portfolio_Monthly_Fortnightly_OvernightFund_31052023_1685958404.xls | https://www.samcomf.com/amc-document-download/IN_MF_Portfolio_Monthly_Fortnightly_OvernightFund_31052024_1717510611.xls | https://www.samcomf.com/amc-document-download/IN_MF_Portfolio_Monthly_Fortnightly_OvernightFund_31052025_1749031637.xls | https://www.samcomf.com/amc-document-download/IN_MF_Portfolio_Monthly_Fortnightly_OvernightFund_31052025_1749031677.xls | https://www.samcomf.com/amc-document-download/IN_MF_Portfolio_Monthly_Fortnightly_OvernightFund_31052026_1780645264.xlsx | https://www.samcomf.com/amc-document-download/IN_MF_Portfolio_Monthly_Fortnightly_OvernightFund_31052026_1783059938.xlsx | https://www.samcomf.com/amc-document-download/IN_MF_Portfolio_Monthly_Fortnightly_OvernightFund_31072023_1691142965.xls | https://www.samcomf.com/amc-document-download/IN_MF_Portfolio_Monthly_Fortnightly_OvernightFund_31072024_1722845353.xls | https://www.samcomf.com/amc-document-download/IN_MF_Portfolio_Monthly_Fortnightly_OvernightFund_31072025_1754291084.xls | https://www.samcomf.com/amc-document-download/IN_MF_Portfolio_Monthly_Fortnightly_OvernightFund_31072025_1754291135.xls | https://www.samcomf.com/amc-document-download/IN_MF_Portfolio_Monthly_Fortnightly_OvernightFund_31072026_1785836948.xlsx | https://www.samcomf.com/amc-document-download/IN_MF_Portfolio_Monthly_Fortnightly_OvernightFund_31072026_1785836989.xlsx | https://www.samcomf.com/amc-document-download/IN_MF_Portfolio_Monthly_Fortnightly_OvernightFund_31082023_1693830840.xls | https://www.samcomf.com/amc-document-download/IN_MF_Portfolio_Monthly_Fortnightly_OvernightFund_31082023_1693830875.xls | https://www.samcomf.com/amc-document-download/IN_MF_Portfolio_Monthly_Fortnightly_OvernightFund_31082024_1725446054.xls | https://www.samcomf.com/amc-document-download/IN_MF_Portfolio_Monthly_Fortnightly_OvernightFund_31082025_1756893331.xls | https://www.samcomf.com/amc-document-download/IN_MF_Portfolio_Monthly_Fortnightly_OvernightFund_31082026_1788514231.xlsx | https://www.samcomf.com/amc-document-download/IN_MF_Portfolio_Monthly_Fortnightly_OvernightFund_31082026_1788514290.xlsx | https://www.samcomf.com/amc-document-download/IN_MF_Portfolio_Monthly_Fortnightly_OvernightFund_31102023_1699070595.xls | https://www.samcomf.com/amc-document-download/IN_MF_Portfolio_Monthly_Fortnightly_OvernightFund_31102024_1730807498.xls | https://www.samcomf.com/amc-document-download/IN_MF_Portfolio_Monthly_Fortnightly_OvernightFund_31102024_1730807774.xls | https://www.samcomf.com/amc-document-download/IN_MF_Portfolio_Monthly_Fortnightly_OvernightFund_31102025_1762241390.xls | https://www.samcomf.com/amc-document-download/IN_MF_Portfolio_Monthly_Fortnightly_OvernightFund_31122023_1704371551.xls | https://www.samcomf.com/amc-document-download/IN_MF_Portfolio_Monthly_Fortnightly_OvernightFund_31122024_1735893406.xlsx | https://www.samcomf.com/amc-document-download/IN_MF_Portfolio_Monthly_Fortnightly_OvernightFund_31122024_1735894825.xlsx | https://www.samcomf.com/amc-document-download/IN_MF_Portfolio_Monthly_Fortnightly_OvernightFund_31122025_1767597532.xls | https://www.samcomf.com/amc-document-download/IN_MF_Portfolio_Monthly_Fortnightly_OvernightFund_31122025_1767597588.xls | https://www.samcomf.com/amc-document-download/ListofGroupCompanies_Sep2026_1790838616.pdf | https://www.samcomf.com/amc-document-download/MethodologyforFactsheet_1788179550.pdf | https://www.samcomf.com/amc-document-download/RebalancingofPortfolioofSamcoELSSTaxSaverFundasperMandatedAssetAllo_1698843227.pdf | https://www.samcomf.com/amc-document-download/RebalancingofPortfolioofSamcoLargeCapFundasperMandatedAssetAllocatio_1757597698.pdf | https://www.samcomf.com/amc-document-download/RebalancingofPortfolioofSamcoLargeandMidCapFundasperMandatedAssetA_1758202163.pdf | https://www.samcomf.com/amc-document-download/RebalancingofPortfolioofSamcoMultiAssetAllocationFundasperMandatedAs_1750225645.pdf | https://www.samcomf.com/amc-document-download/RebalancingofPortfolioofSamcoMultiCapFundasperMandatedAssetAllocatio_1750226362.pdf | https://www.samcomf.com/amc-document-download/RebalancingofPortfolioofSamcoMultiCapFundasperMandatedAssetAllocatio_1767766800.pdf | https://www.samcomf.com/amc-document-download/RebalancingofthePortfolioofSamcoMultiCapFundaspertheMandatedAssetA_1760619691.pdf | https://www.samcomf.com/amc-document-download/RedressalofComplaintsreceived-July2026_1786098674.pdf
SBI Mutual Fund,9,9,9,"2026-08, 2026-07",2026-08,https://www.sbimf.com/docs/default-source/scheme-factsheets/all-sbimf-schemes-factsheet-august-2026.pdf?sfvrsn=2110e2d5_4 | https://www.sbimf.com/docs/default-source/scheme-factsheets/all-sbimf-schemes-factsheet-july-2026.pdf?sfvrsn=c5ebcccb_4 | https://www.sbimf.com/docs/default-source/scheme-factsheets/sbi-mf-passives-(index-etf-fof)-factsheet-august-2026.pdf?sfvrsn=a57510a1_4 | https://www.sbimf.com/docs/default-source/scheme-factsheets/sbi-mf-passives-(index-etf-fof)-factsheet-july-2026.pdf?sfvrsn=cc2b7854_4 | https://www.sbimf.com/docs/default-source/scheme-portfolios/all-schemes-monthly-portfolio---as-on-31st-august-2026.xlsx?sfvrsn=a7fdc2ec_2 | https://www.sbimf.com/docs/default-source/scheme-portfolios/all-schemes-monthly-portfolio---as-on-31st-july-2026.xlsx?sfvrsn=94250cc6_2
Shriram Mutual Fund,7,7,7,"2026-10, 2026-09, 2026-07",2026-10,https://cdn.shriramamc.in/uploads/Statutory-disclosure/Monthly--Fortnightly--Weekly-Portfolio-of-Scheme(s)/Monthly-Portfolio-for-the-Financial-Year/2026-2027/Monthly-Portfolio-Shriram-Mutual-Fund-July-2026.xls | https://cdn.shriramamc.in/uploads/Statutory-disclosure/Status-of-Redressal-of-Investor-Complaints/Monthly/2026-2027/Disclosure-of-Investor-Complaints-Jul-2026.xlsx | https://cdn.shriramamc.in/uploads/fact-sheet/Fact-Sheet/2026-2027/Factsheet-July-2026-(1).pdf | https://cdn.shriramamc.in/uploads/fact-sheet/Fact-Sheet/2026-2027/Factsheet-July-2026-(2).pdf | https://cdn.shriramamc.in/uploads/fact-sheet/Monthly-Fact-Sheet/2017-2018/Final-Factsheet-170118.pdf
Sundaram Mutual Fund,0,0,0,,,
Tata Mutual Fund,0,0,0,,,
Taurus Mutual Fund,24,24,24,"2026-08, 2026-07",2026-08,https://taurusmutualfund.com/sites/default/files/downloads/Taurus_Banking_Fin_Serv_Fund_Monthly_Portfolio_Report_Performance_August_2026.xlsx | https://taurusmutualfund.com/sites/default/files/downloads/Taurus_Banking_Fin_Serv_Fund_Monthly_Portfolio_Report_Performance_July_2026.xlsx | https://taurusmutualfund.com/sites/default/files/downloads/Taurus_Elss_Tax_Saver_Fund_Monthly_Portfolio_Report_Performance_August_2026.xlsx | https://taurusmutualfund.com/sites/default/files/downloads/Taurus_Elss_Tax_Saver_Fund_Monthly_Portfolio_Report_Performance_July_2026.xlsx | https://taurusmutualfund.com/sites/default/files/downloads/Taurus_Ethical_Fund_Monthly_Portfolio_Report_Performance_August_2026.xlsx | https://taurusmutualfund.com/sites/default/files/downloads/Taurus_Ethical_Fund_Monthly_Portfolio_Report_Performance_July_2026.xlsx | https://taurusmutualfund.com/sites/default/files/downloads/Taurus_Flexi_Cap_Fund_Monthly_Portfolio_Report_Performance_August_2026.xlsx | https://taurusmutualfund.com/sites/default/files/downloads/Taurus_Flexi_Cap_Fund_Monthly_Portfolio_Report_Performance_July_2026.xlsx | https://taurusmutualfund.com/sites/default/files/downloads/Taurus_Infrastructure_Fund_Monthly_Portfolio_Report_Performance_August_2026.xlsx | https://taurusmutualfund.com/sites/default/files/downloads/Taurus_Infrastructure_Fund_Monthly_Portfolio_Report_Performance_July_2026.xlsx | https://taurusmutualfund.com/sites/default/files/downloads/Taurus_Large_Cap_Fund_Monthly_Portfolio_Report_Performance_August_2026.xlsx | https://taurusmutualfund.com/sites/default/files/downloads/Taurus_Large_Cap_Fund_Monthly_Portfolio_Report_Performance_July_2026.xlsx | https://taurusmutualfund.com/sites/default/files/downloads/Taurus_Mid_Cap_Fund_Monthly_Portfolio_Report_Performance_August_2026.xlsx | https://taurusmutualfund.com/sites/default/files/downloads/Taurus_Mid_Cap_Fund_Monthly_Portfolio_Report_Performance_July_2026.xlsx | https://taurusmutualfund.com/sites/default/files/downloads/Taurus_Nifty50_Index_Fund_Monthly_Portfolio_Report_Performance_August_2026.xlsx | https://taurusmutualfund.com/sites/default/files/downloads/Taurus_Nifty50_Index_Fund_Monthly_Portfolio_Report_Performance_July_2026.xlsx
The Wealth Company Mutual Fund,38,38,38,"2026-10, 2026-09, 2026-08, 2026-07, 2026-06, 2026-05",2026-10,https://www.wealthcompanyamc.in/uploads/Factsheet_as_on_30_06_2026_1946ab499d.pdf | https://www.wealthcompanyamc.in/uploads/Factsheet_as_on_31_05_2026_bd3dd88b46.pdf | https://www.wealthcompanyamc.in/uploads/Monthly_portfolio_Arbitrage_30009834b8.xlsx | https://www.wealthcompanyamc.in/uploads/Monthly_portfolio_Arbitrage_Fund_494db1df3e.xlsx | https://www.wealthcompanyamc.in/uploads/Monthly_portfolio_Balanced_Advantage_Fund_23fd91137a.xlsx | https://www.wealthcompanyamc.in/uploads/Monthly_portfolio_Balanced_Advantage_b0d985201c.xlsx | https://www.wealthcompanyamc.in/uploads/Monthly_portfolio_Ethical_0b49721817.xlsx | https://www.wealthcompanyamc.in/uploads/Monthly_portfolio_Ethical_caf9cfe0b2.xlsx | https://www.wealthcompanyamc.in/uploads/Monthly_portfolio_Flexicap_b619833626.xlsx | https://www.wealthcompanyamc.in/uploads/Monthly_portfolio_Flexicap_dc97e8beaa.xlsx | https://www.wealthcompanyamc.in/uploads/Monthly_portfolio_Gold_ETF_FOF_9ec3744d5a.xlsx | https://www.wealthcompanyamc.in/uploads/Monthly_portfolio_Gold_ETF_Fo_F_eae768aabe.xlsx | https://www.wealthcompanyamc.in/uploads/Monthly_portfolio_Gold_ETF_a28708195d.xlsx | https://www.wealthcompanyamc.in/uploads/Monthly_portfolio_Gold_ETF_a7aedd0257.xlsx | https://www.wealthcompanyamc.in/uploads/Monthly_portfolio_Large_Mid_cap_dc4b7b66d9.xlsx | https://www.wealthcompanyamc.in/uploads/Monthly_portfolio_Large_Midcap_bc53a12c0b.xlsx | https://www.wealthcompanyamc.in/uploads/Monthly_portfolio_Liquid_ced629a6b8.xlsx | https://www.wealthcompanyamc.in/uploads/Monthly_portfolio_Liquid_e2d3669030.xlsx | https://www.wealthcompanyamc.in/uploads/Monthly_portfolio_Midcap_3bb5e91964.xlsx | https://www.wealthcompanyamc.in/uploads/Monthly_portfolio_Multi_Asset_Allocation_Fund_f9bc96b246.xlsx | https://www.wealthcompanyamc.in/uploads/Monthly_portfolio_Multi_Asset_Allocation_aeb62a7263.xlsx | https://www.wealthcompanyamc.in/uploads/Monthly_portfolio_Small_Cap_2683583497.xlsx | https://www.wealthcompanyamc.in/uploads/Monthly_portfolio_Small_Cap_9b9b8051ed.xlsx | https://www.wealthcompanyamc.in/uploads/The_Wealth_Company_Factsheet_August_2026_f09212fff1.pdf | https://www.wealthcompanyamc.in/uploads/The_Wealth_Company_Factsheet_July_2026_a58370ee64.pdf
Trust Mutual Fund,0,0,0,,,
Unifi Mutual Fund,18,18,18,"2026-10, 2026-09, 2026-07",2026-10,https://unifimf.com/wp-content/uploads/fund-sheets/Disclosure-of-category-wise-portfolio-overlap-levels-in-Unifi-Mutual-Fund-Schemes.pdf | https://unifimf.com/wp-content/uploads/fund-sheets/Empanelment-data-as-of-15-Sep-2026.xlsx | https://unifimf.com/wp-content/uploads/fund-sheets/Investor-Complaints_July_2026.xlsx | https://unifimf.com/wp-content/uploads/fund-sheets/List-of-Group_Associate-Companies_30-September-2026.pdf | https://unifimf.com/wp-content/uploads/fund-sheets/Notice_Fortnightly-portfolio_02.10.2026.pdf | https://unifimf.com/wp-content/uploads/fund-sheets/Notice_Fortnightly-portfolio_17.07.2026.pdf | https://unifimf.com/wp-content/uploads/fund-sheets/Notice_Fortnightly-portfolio_17.09.2026.pdf | https://unifimf.com/wp-content/uploads/fund-sheets/Notice_Monthly-portfolio_07082026.pdf | https://unifimf.com/wp-content/uploads/fund-sheets/Scheme-Dashboard_July_2026.xlsx | https://unifimf.com/wp-content/uploads/fund-sheets/Scheme_Performance_DAAF_July26.xlsx | https://unifimf.com/wp-content/uploads/fund-sheets/Scheme_Performance_Flexicap_July26.xlsx | https://unifimf.com/wp-content/uploads/fund-sheets/Scheme_Performance_Liquid_July26.xlsx | https://unifimf.com/wp-content/uploads/fund-sheets/Unifi-MF-Factsheet-July-2026.pdf
Union Mutual Fund,30,30,30,"2026-08, 2026-07",2026-08,https://www.unionmf.com/docs/default-source/funddetail-downloads/fund-portfolio/august-2026/monthly-portfolio-report-union-aggressive-hybrid-fund-31-08-2026.xlsx?sfvrsn=856b802f_3 | https://www.unionmf.com/docs/default-source/funddetail-downloads/fund-portfolio/august-2026/monthly-portfolio-report-union-balanced-advantage-fund-31-08-2026.xlsx?sfvrsn=1b07fd45_3 | https://www.unionmf.com/docs/default-source/funddetail-downloads/fund-portfolio/august-2026/monthly-portfolio-report-union-corporate-bond-fund-31-08-2026.xlsx?sfvrsn=406926c9_3 | https://www.unionmf.com/docs/default-source/funddetail-downloads/fund-portfolio/august-2026/monthly-portfolio-report-union-diversified-equity-all-cap-active-fof-31-08-2026.xlsx?sfvrsn=1f85d27b_3 | https://www.unionmf.com/docs/default-source/funddetail-downloads/fund-portfolio/august-2026/monthly-portfolio-report-union-flexi-cap-fund-31-08-2026.xlsx?sfvrsn=4bf51f4c_3 | https://www.unionmf.com/docs/default-source/funddetail-downloads/fund-portfolio/august-2026/monthly-portfolio-report-union-focused-fund-31-08-2026.xlsx?sfvrsn=7157c1fe_3 | https://www.unionmf.com/docs/default-source/funddetail-downloads/fund-portfolio/august-2026/monthly-portfolio-report-union-income-plus-arbitrage-active-fof-31-08-2026.xlsx?sfvrsn=370a8f20_3 | https://www.unionmf.com/docs/default-source/funddetail-downloads/fund-portfolio/august-2026/monthly-portfolio-report-union-innovation-opportunities-fund-31-08-2026.xlsx?sfvrsn=c1c41f9c_3 | https://www.unionmf.com/docs/default-source/funddetail-downloads/fund-portfolio/august-2026/monthly-portfolio-report-union-large-midcap-fund-31-08-2026.xlsx?sfvrsn=2fabce01_3 | https://www.unionmf.com/docs/default-source/funddetail-downloads/fund-portfolio/august-2026/monthly-portfolio-report-union-ultra-short-to-short-term-fund-31-08-2026.xlsx?sfvrsn=ba1b5ac6_3 | https://www.unionmf.com/docs/default-source/funddetail-downloads/fund-portfolio/july-2026/monthly-portfolio-report-union-aggressive-hybrid-fund-31-07-2026.xlsx?sfvrsn=84f27620_3 | https://www.unionmf.com/docs/default-source/funddetail-downloads/fund-portfolio/july-2026/monthly-portfolio-report-union-childrens-fund-31-07-2026.xlsx?sfvrsn=5cb09034_3 | https://www.unionmf.com/docs/default-source/funddetail-downloads/fund-portfolio/july-2026/monthly-portfolio-report-union-diversified-equity-all-cap-active-fof-31-07-2026.xlsx?sfvrsn=4145eee6_3 | https://www.unionmf.com/docs/default-source/funddetail-downloads/fund-portfolio/july-2026/monthly-portfolio-report-union-gold-etf-31-07-2026.xlsx?sfvrsn=6ce88c0f_3 | https://www.unionmf.com/docs/default-source/funddetail-downloads/fund-portfolio/july-2026/monthly-portfolio-report-union-income-plus-arbitrage-active-fof-31-07-2026.xlsx?sfvrsn=485f5182_3 | https://www.unionmf.com/docs/default-source/funddetail-downloads/fund-portfolio/july-2026/monthly-portfolio-report-union-innovation-opportunities-fund-31-07-2026.xlsx?sfvrsn=c912b365_3 | https://www.unionmf.com/docs/default-source/funddetail-downloads/fund-portfolio/july-2026/monthly-portfolio-report-union-liquid-fund-31-07-2026.xlsx?sfvrsn=989dcd7a_3 | https://www.unionmf.com/docs/default-source/funddetail-downloads/fund-portfolio/july-2026/monthly-portfolio-report-union-midcap-fund-31-07-2026.xlsx?sfvrsn=1a98af16_3 | https://www.unionmf.com/docs/default-source/funddetail-downloads/fund-portfolio/july-2026/monthly-portfolio-report-union-overnight-fund-31-07-2026.xlsx?sfvrsn=1949ba5a_3 | https://www.unionmf.com/docs/default-source/funddetail-downloads/fund-portfolio/july-2026/monthly-portfolio-report-union-short-term-fund-31-07-2026.xlsx?sfvrsn=3ea7786c_9
UTI Mutual Fund,229,229,229,"2026-08, 2026-07",2026-08,https://d3ce1o48hc5oli.cloudfront.net/utimf-job/portfolio/monthly-schemewise/AS_August_2026.xlsx | https://d3ce1o48hc5oli.cloudfront.net/utimf-job/portfolio/monthly-schemewise/AS_July_2026.xlsx | https://d3ce1o48hc5oli.cloudfront.net/utimf-job/portfolio/monthly-schemewise/BA_August_2026.xlsx | https://d3ce1o48hc5oli.cloudfront.net/utimf-job/portfolio/monthly-schemewise/BA_July_2026.xlsx | https://d3ce1o48hc5oli.cloudfront.net/utimf-job/portfolio/monthly-schemewise/BF_August_2026.xlsx | https://d3ce1o48hc5oli.cloudfront.net/utimf-job/portfolio/monthly-schemewise/BF_July_2026.xlsx | https://d3ce1o48hc5oli.cloudfront.net/utimf-job/portfolio/monthly-schemewise/BK_August_2026.xlsx | https://d3ce1o48hc5oli.cloudfront.net/utimf-job/portfolio/monthly-schemewise/BK_July_2026.xlsx | https://d3ce1o48hc5oli.cloudfront.net/utimf-job/portfolio/monthly-schemewise/BN_August_2026.xlsx | https://d3ce1o48hc5oli.cloudfront.net/utimf-job/portfolio/monthly-schemewise/BN_July_2026.xlsx | https://d3ce1o48hc5oli.cloudfront.net/utimf-job/portfolio/monthly-schemewise/BP_August_2026.xlsx | https://d3ce1o48hc5oli.cloudfront.net/utimf-job/portfolio/monthly-schemewise/BP_July_2026.xlsx | https://d3ce1o48hc5oli.cloudfront.net/utimf-job/portfolio/monthly-schemewise/CB_August_2026.xlsx | https://d3ce1o48hc5oli.cloudfront.net/utimf-job/portfolio/monthly-schemewise/CB_July_2026.xlsx | https://d3ce1o48hc5oli.cloudfront.net/utimf-job/portfolio/monthly-schemewise/CC_August_2026.xlsx | https://d3ce1o48hc5oli.cloudfront.net/utimf-job/portfolio/monthly-schemewise/CC_July_2026.xlsx | https://d3ce1o48hc5oli.cloudfront.net/utimf-job/portfolio/monthly-schemewise/CE_August_2026.xlsx | https://d3ce1o48hc5oli.cloudfront.net/utimf-job/portfolio/monthly-schemewise/CE_July_2026.xlsx | https://d3ce1o48hc5oli.cloudfront.net/utimf-job/portfolio/monthly-schemewise/CP_August_2026.xlsx | https://d3ce1o48hc5oli.cloudfront.net/utimf-job/portfolio/monthly-schemewise/CP_July_2026.xlsx | https://d3ce1o48hc5oli.cloudfront.net/utimf-job/portfolio/monthly-schemewise/DB_August_2026.xlsx | https://d3ce1o48hc5oli.cloudfront.net/utimf-job/portfolio/monthly-schemewise/DB_July_2026.xlsx | https://d3ce1o48hc5oli.cloudfront.net/utimf-job/portfolio/monthly-schemewise/DX_August_2026.xlsx | https://d3ce1o48hc5oli.cloudfront.net/utimf-job/portfolio/monthly-schemewise/DX_July_2026.xlsx | https://d3ce1o48hc5oli.cloudfront.net/utimf-job/portfolio/monthly-schemewise/DY_August_2026.xlsx | https://d3ce1o48hc5oli.cloudfront.net/utimf-job/portfolio/monthly-schemewise/DY_July_2026.xlsx | https://d3ce1o48hc5oli.cloudfront.net/utimf-job/portfolio/monthly-schemewise/EQ_August_2026.xlsx | https://d3ce1o48hc5oli.cloudfront.net/utimf-job/portfolio/monthly-schemewise/EQ_July_2026.xlsx | https://d3ce1o48hc5oli.cloudfront.net/utimf-job/portfolio/monthly-schemewise/ES_August_2026.xlsx | https://d3ce1o48hc5oli.cloudfront.net/utimf-job/portfolio/monthly-schemewise/ES_July_2026.xlsx | https://d3ce1o48hc5oli.cloudfront.net/utimf-job/portfolio/monthly-schemewise/ET_August_2026.xlsx | https://d3ce1o48hc5oli.cloudfront.net/utimf-job/portfolio/monthly-schemewise/ET_July_2026.xlsx | https://d3ce1o48hc5oli.cloudfront.net/utimf-job/portfolio/monthly-schemewise/EX_August_2026.xlsx | https://d3ce1o48hc5oli.cloudfront.net/utimf-job/portfolio/monthly-schemewise/EX_July_2026.xlsx | https://d3ce1o48hc5oli.cloudfront.net/utimf-job/portfolio/monthly-schemewise/EY_August_2026.xlsx | https://d3ce1o48hc5oli.cloudfront.net/utimf-job/portfolio/monthly-schemewise/EY_July_2026.xlsx | https://d3ce1o48hc5oli.cloudfront.net/utimf-job/portfolio/monthly-schemewise/FB_August_2026.xlsx | https://d3ce1o48hc5oli.cloudfront.net/utimf-job/portfolio/monthly-schemewise/FB_July_2026.xlsx | https://d3ce1o48hc5oli.cloudfront.net/utimf-job/portfolio/monthly-schemewise/FD_August_2026.xlsx | https://d3ce1o48hc5oli.cloudfront.net/utimf-job/portfolio/monthly-schemewise/FD_July_2026.xlsx | https://d3ce1o48hc5oli.cloudfront.net/utimf-job/portfolio/monthly-schemewise/FI_August_2026.xlsx | https://d3ce1o48hc5oli.cloudfront.net/utimf-job/portfolio/monthly-schemewise/FI_July_2026.xlsx | https://d3ce1o48hc5oli.cloudfront.net/utimf-job/portfolio/monthly-schemewise/FN_August_2026.xlsx | https://d3ce1o48hc5oli.cloudfront.net/utimf-job/portfolio/monthly-schemewise/FN_July_2026.xlsx | https://d3ce1o48hc5oli.cloudfront.net/utimf-job/portfolio/monthly-schemewise/FO_August_2026.xlsx | https://d3ce1o48hc5oli.cloudfront.net/utimf-job/portfolio/monthly-schemewise/FO_July_2026.xlsx | https://d3ce1o48hc5oli.cloudfront.net/utimf-job/portfolio/monthly-schemewise/FS_August_2026.xlsx | https://d3ce1o48hc5oli.cloudfront.net/utimf-job/portfolio/monthly-schemewise/FS_July_2026.xlsx | https://d3ce1o48hc5oli.cloudfront.net/utimf-job/portfolio/monthly-schemewise/FX_August_2026.xlsx | https://d3ce1o48hc5oli.cloudfront.net/utimf-job/portfolio/monthly-schemewise/FX_July_2026.xlsx | https://d3ce1o48hc5oli.cloudfront.net/utimf-job/portfolio/monthly-schemewise/GE_August_2026.xlsx | https://d3ce1o48hc5oli.cloudfront.net/utimf-job/portfolio/monthly-schemewise/GE_July_2026.xlsx | https://d3ce1o48hc5oli.cloudfront.net/utimf-job/portfolio/monthly-schemewise/GF_August_2026.xlsx | https://d3ce1o48hc5oli.cloudfront.net/utimf-job/portfolio/monthly-schemewise/GF_July_2026.xlsx | https://d3ce1o48hc5oli.cloudfront.net/utimf-job/portfolio/monthly-schemewise/GL_August_2026.xlsx | https://d3ce1o48hc5oli.cloudfront.net/utimf-job/portfolio/monthly-schemewise/GL_July_2026.xlsx | https://d3ce1o48hc5oli.cloudfront.net/utimf-job/portfolio/monthly-schemewise/GP_August_2026.xlsx | https://d3ce1o48hc5oli.cloudfront.net/utimf-job/portfolio/monthly-schemewise/GP_July_2026.xlsx | https://d3ce1o48hc5oli.cloudfront.net/utimf-job/portfolio/monthly-schemewise/GU_August_2026.xlsx | https://d3ce1o48hc5oli.cloudfront.net/utimf-job/portfolio/monthly-schemewise/GU_July_2026.xlsx | https://d3ce1o48hc5oli.cloudfront.net/utimf-job/portfolio/monthly-schemewise/GX_August_2026.xlsx | https://d3ce1o48hc5oli.cloudfront.net/utimf-job/portfolio/monthly-schemewise/GX_July_2026.xlsx | https://d3ce1o48hc5oli.cloudfront.net/utimf-job/portfolio/monthly-schemewise/IN_August_2026.xlsx | https://d3ce1o48hc5oli.cloudfront.net/utimf-job/portfolio/monthly-schemewise/IN_July_2026.xlsx | https://d3ce1o48hc5oli.cloudfront.net/utimf-job/portfolio/monthly-schemewise/IX_August_2026.xlsx | https://d3ce1o48hc5oli.cloudfront.net/utimf-job/portfolio/monthly-schemewise/IX_July_2026.xlsx | https://d3ce1o48hc5oli.cloudfront.net/utimf-job/portfolio/monthly-schemewise/JX_August_2026.xlsx | https://d3ce1o48hc5oli.cloudfront.net/utimf-job/portfolio/monthly-schemewise/JX_July_2026.xlsx | https://d3ce1o48hc5oli.cloudfront.net/utimf-job/portfolio/monthly-schemewise/KX_August_2026.xlsx | https://d3ce1o48hc5oli.cloudfront.net/utimf-job/portfolio/monthly-schemewise/LD_August_2026.xlsx | https://d3ce1o48hc5oli.cloudfront.net/utimf-job/portfolio/monthly-schemewise/LD_July_2026.xlsx | https://d3ce1o48hc5oli.cloudfront.net/utimf-job/portfolio/monthly-schemewise/LI_August_2026.xlsx | https://d3ce1o48hc5oli.cloudfront.net/utimf-job/portfolio/monthly-schemewise/LI_July_2026.xlsx | https://d3ce1o48hc5oli.cloudfront.net/utimf-job/portfolio/monthly-schemewise/LS_August_2026.xlsx | https://d3ce1o48hc5oli.cloudfront.net/utimf-job/portfolio/monthly-schemewise/LS_July_2026.xlsx | https://d3ce1o48hc5oli.cloudfront.net/utimf-job/portfolio/monthly-schemewise/LX_August_2026.xlsx | https://d3ce1o48hc5oli.cloudfront.net/utimf-job/portfolio/monthly-schemewise/LX_July_2026.xlsx | https://d3ce1o48hc5oli.cloudfront.net/utimf-job/portfolio/monthly-schemewise/MA_August_2026.xlsx | https://d3ce1o48hc5oli.cloudfront.net/utimf-job/portfolio/monthly-schemewise/MA_July_2026.xlsx | https://d3ce1o48hc5oli.cloudfront.net/utimf-job/portfolio/monthly-schemewise/MC_August_2026.xlsx | https://d3ce1o48hc5oli.cloudfront.net/utimf-job/portfolio/monthly-schemewise/MC_July_2026.xlsx | https://d3ce1o48hc5oli.cloudfront.net/utimf-job/portfolio/monthly-schemewise/MD_August_2026.xlsx | https://d3ce1o48hc5oli.cloudfront.net/utimf-job/portfolio/monthly-schemewise/MD_July_2026.xlsx | https://d3ce1o48hc5oli.cloudfront.net/utimf-job/portfolio/monthly-schemewise/MF_August_2026.xlsx | https://d3ce1o48hc5oli.cloudfront.net/utimf-job/portfolio/monthly-schemewise/MF_July_2026.xlsx | https://d3ce1o48hc5oli.cloudfront.net/utimf-job/portfolio/monthly-schemewise/MG_August_2026.xlsx | https://d3ce1o48hc5oli.cloudfront.net/utimf-job/portfolio/monthly-schemewise/MG_July_2026.xlsx | https://d3ce1o48hc5oli.cloudfront.net/utimf-job/portfolio/monthly-schemewise/MI_August_2026.xlsx | https://d3ce1o48hc5oli.cloudfront.net/utimf-job/portfolio/monthly-schemewise/MI_July_2026.xlsx | https://d3ce1o48hc5oli.cloudfront.net/utimf-job/portfolio/monthly-schemewise/MM_August_2026.xlsx | https://d3ce1o48hc5oli.cloudfront.net/utimf-job/portfolio/monthly-schemewise/MM_July_2026.xlsx | https://d3ce1o48hc5oli.cloudfront.net/utimf-job/portfolio/monthly-schemewise/MQ_August_2026.xlsx | https://d3ce1o48hc5oli.cloudfront.net/utimf-job/portfolio/monthly-schemewise/MQ_July_2026.xlsx | https://d3ce1o48hc5oli.cloudfront.net/utimf-job/portfolio/monthly-schemewise/MR_August_2026.xlsx | https://d3ce1o48hc5oli.cloudfront.net/utimf-job/portfolio/monthly-schemewise/MR_July_2026.xlsx | https://d3ce1o48hc5oli.cloudfront.net/utimf-job/portfolio/monthly-schemewise/MZ_August_2026.xlsx | https://d3ce1o48hc5oli.cloudfront.net/utimf-job/portfolio/monthly-schemewise/MZ_July_2026.xlsx | https://d3ce1o48hc5oli.cloudfront.net/utimf-job/portfolio/monthly-schemewise/NA_August_2026.xlsx | https://d3ce1o48hc5oli.cloudfront.net/utimf-job/portfolio/monthly-schemewise/NA_July_2026.xlsx | https://d3ce1o48hc5oli.cloudfront.net/utimf-job/portfolio/monthly-schemewise/NI_August_2026.xlsx | https://d3ce1o48hc5oli.cloudfront.net/utimf-job/portfolio/monthly-schemewise/NI_July_2026.xlsx | https://d3ce1o48hc5oli.cloudfront.net/utimf-job/portfolio/monthly-schemewise/NM_August_2026.xlsx | https://d3ce1o48hc5oli.cloudfront.net/utimf-job/portfolio/monthly-schemewise/NM_July_2026.xlsx | https://d3ce1o48hc5oli.cloudfront.net/utimf-job/portfolio/monthly-schemewise/NN_August_2026.xlsx | https://d3ce1o48hc5oli.cloudfront.net/utimf-job/portfolio/monthly-schemewise/NN_July_2026.xlsx | https://d3ce1o48hc5oli.cloudfront.net/utimf-job/portfolio/monthly-schemewise/NT_August_2026.xlsx | https://d3ce1o48hc5oli.cloudfront.net/utimf-job/portfolio/monthly-schemewise/NT_July_2026.xlsx | https://d3ce1o48hc5oli.cloudfront.net/utimf-job/portfolio/monthly-schemewise/NU_August_2026.xlsx | https://d3ce1o48hc5oli.cloudfront.net/utimf-job/portfolio/monthly-schemewise/NU_July_2026.xlsx | https://d3ce1o48hc5oli.cloudfront.net/utimf-job/portfolio/monthly-schemewise/NV_August_2026.xlsx | https://d3ce1o48hc5oli.cloudfront.net/utimf-job/portfolio/monthly-schemewise/NV_July_2026.xlsx | https://d3ce1o48hc5oli.cloudfront.net/utimf-job/portfolio/monthly-schemewise/NW_August_2026.xlsx | https://d3ce1o48hc5oli.cloudfront.net/utimf-job/portfolio/monthly-schemewise/NW_July_2026.xlsx | https://d3ce1o48hc5oli.cloudfront.net/utimf-job/portfolio/monthly-schemewise/NX_August_2026.xlsx | https://d3ce1o48hc5oli.cloudfront.net/utimf-job/portfolio/monthly-schemewise/NX_July_2026.xlsx | https://d3ce1o48hc5oli.cloudfront.net/utimf-job/portfolio/monthly-schemewise/NY_August_2026.xlsx | https://d3ce1o48hc5oli.cloudfront.net/utimf-job/portfolio/monthly-schemewise/NY_July_2026.xlsx | https://d3ce1o48hc5oli.cloudfront.net/utimf-job/portfolio/monthly-schemewise/NZ_August_2026.xlsx | https://d3ce1o48hc5oli.cloudfront.net/utimf-job/portfolio/monthly-schemewise/NZ_July_2026.xlsx | https://d3ce1o48hc5oli.cloudfront.net/utimf-job/portfolio/monthly-schemewise/OP_August_2026.xlsx | https://d3ce1o48hc5oli.cloudfront.net/utimf-job/portfolio/monthly-schemewise/OP_July_2026.xlsx | https://d3ce1o48hc5oli.cloudfront.net/utimf-job/portfolio/monthly-schemewise/PX_August_2026.xlsx | https://d3ce1o48hc5oli.cloudfront.net/utimf-job/portfolio/monthly-schemewise/PX_July_2026.xlsx | https://d3ce1o48hc5oli.cloudfront.net/utimf-job/portfolio/monthly-schemewise/RP_August_2026.xlsx | https://d3ce1o48hc5oli.cloudfront.net/utimf-job/portfolio/monthly-schemewise/RP_July_2026.xlsx | https://d3ce1o48hc5oli.cloudfront.net/utimf-job/portfolio/monthly-schemewise/SA_August_2026.xlsx | https://d3ce1o48hc5oli.cloudfront.net/utimf-job/portfolio/monthly-schemewise/SA_July_2026.xlsx | https://d3ce1o48hc5oli.cloudfront.net/utimf-job/portfolio/monthly-schemewise/SB_August_2026.xlsx | https://d3ce1o48hc5oli.cloudfront.net/utimf-job/portfolio/monthly-schemewise/SB_July_2026.xlsx | https://d3ce1o48hc5oli.cloudfront.net/utimf-job/portfolio/monthly-schemewise/SD_August_2026.xlsx | https://d3ce1o48hc5oli.cloudfront.net/utimf-job/portfolio/monthly-schemewise/SE_August_2026.xlsx | https://d3ce1o48hc5oli.cloudfront.net/utimf-job/portfolio/monthly-schemewise/SE_July_2026.xlsx | https://d3ce1o48hc5oli.cloudfront.net/utimf-job/portfolio/monthly-schemewise/SF_August_2026.xlsx | https://d3ce1o48hc5oli.cloudfront.net/utimf-job/portfolio/monthly-schemewise/SF_July_2026.xlsx | https://d3ce1o48hc5oli.cloudfront.net/utimf-job/portfolio/monthly-schemewise/SH_August_2026.xlsx | https://d3ce1o48hc5oli.cloudfront.net/utimf-job/portfolio/monthly-schemewise/SH_July_2026.xlsx | https://d3ce1o48hc5oli.cloudfront.net/utimf-job/portfolio/monthly-schemewise/SI_August_2026.xlsx | https://d3ce1o48hc5oli.cloudfront.net/utimf-job/portfolio/monthly-schemewise/SI_July_2026.xlsx | https://d3ce1o48hc5oli.cloudfront.net/utimf-job/portfolio/monthly-schemewise/SL_August_2026.xlsx | https://d3ce1o48hc5oli.cloudfront.net/utimf-job/portfolio/monthly-schemewise/SL_July_2026.xlsx | https://d3ce1o48hc5oli.cloudfront.net/utimf-job/portfolio/monthly-schemewise/SP_August_2026.xlsx | https://d3ce1o48hc5oli.cloudfront.net/utimf-job/portfolio/monthly-schemewise/SP_July_2026.xlsx | https://d3ce1o48hc5oli.cloudfront.net/utimf-job/portfolio/monthly-schemewise/ST_August_2026.xlsx | https://d3ce1o48hc5oli.cloudfront.net/utimf-job/portfolio/monthly-schemewise/ST_July_2026.xlsx | https://d3ce1o48hc5oli.cloudfront.net/utimf-job/portfolio/monthly-schemewise/SX_August_2026.xlsx | https://d3ce1o48hc5oli.cloudfront.net/utimf-job/portfolio/monthly-schemewise/SX_July_2026.xlsx | https://d3ce1o48hc5oli.cloudfront.net/utimf-job/portfolio/monthly-schemewise/TX_August_2026.xlsx | https://d3ce1o48hc5oli.cloudfront.net/utimf-job/portfolio/monthly-schemewise/TX_July_2026.xlsx | https://d3ce1o48hc5oli.cloudfront.net/utimf-job/portfolio/monthly-schemewise/UL_August_2026.xlsx | https://d3ce1o48hc5oli.cloudfront.net/utimf-job/portfolio/monthly-schemewise/UL_July_2026.xlsx | https://d3ce1o48hc5oli.cloudfront.net/utimf-job/portfolio/monthly-schemewise/W2_August_2026.xlsx | https://d3ce1o48hc5oli.cloudfront.net/utimf-job/portfolio/monthly-schemewise/W2_July_2026.xlsx
WhiteOak Capital Mutual Fund,4,4,4,"2026-10, 2026-09, 2026-06, 2026-05",2026-10,https://content.whiteoakamc.com/Whiteoak_Capital_Factsheet_4eca3e8f90.pdf | https://content.whiteoakamc.com/Whiteoak_Capital_Factsheet_June2026_fe8fb12141.pdf | https://content.whiteoakamc.com/Whiteoak_Capital_Factsheet_May_2026_06aea40425.pdf
Zerodha Mutual Fund,16,16,16,"2026-08, 2026-07, 2026-06, 2026-05",2026-08,https://assets.zerodhafundhouse.com/offer-documents/factsheet/Factsheet - Aug 26.pdf | https://assets.zerodhafundhouse.com/offer-documents/factsheet/Factsheet - Jul 26.pdf | https://assets.zerodhafundhouse.com/offer-documents/factsheet/Factsheet - Jun 26.pdf | https://assets.zerodhafundhouse.com/statutory-reports/alignment-of-interest/Alignment of Interest Disclosure Jul 2026.xlsx | https://assets.zerodhafundhouse.com/statutory-reports/investor-complaints/Investor Complaints Report - July 2026.pdf | https://assets.zerodhafundhouse.com/statutory-reports/issuerwise-disclosures/Issuerwise Groupwise & Sectorwise Disclosure Jul 2026.xlsx | https://assets.zerodhafundhouse.com/statutory-reports/other-disclosures/Debt Index Replication Factor (DIRF) 30-Jun-26.xlsx | https://assets.zerodhafundhouse.com/statutory-reports/other-disclosures/Debt Index Replication Factor (DIRF) 31-Aug-26.xlsx | https://assets.zerodhafundhouse.com/statutory-reports/other-disclosures/Debt Index Replication Factor (DIRF) 31-Jul-26.xlsx | https://assets.zerodhafundhouse.com/statutory-reports/other-disclosures/Debt Index Replication Factor (DIRF) 31-May-26.xlsx | https://assets.zerodhafundhouse.com/statutory-reports/other-disclosures/Scheme Performance - July 2026.xlsx | https://assets.zerodhafundhouse.com/statutory-reports/scheme-dashboard/All Schemes Dashboard - July 2026.xlsx | https://assets.zerodhafundhouse.com/statutory-reports/top-10-holdings/Top 10 Holdings by Issuer as on July 31 2026.xlsx
