symbol,isin,fy,period,audit,parsed,filed,status
AADHARHFC,INE883F01010,FY24,Q4,unknown,1,0,parsed
AADHARHFC,INE883F01010,FY25,Q1,unknown,1,0,parsed
AADHARHFC,INE883F01010,FY25,Q2,unknown,1,0,parsed
AADHARHFC,INE883F01010,FY25,Q3,unknown,1,0,parsed
AARTIIND,INE769A01020,FY24,Q3,unknown,1,0,parsed
AARTIIND,INE769A01020,FY24,Q4,unknown,1,0,parsed
AARTIIND,INE769A01020,FY25,Q1,unknown,1,0,parsed
AARTIIND,INE769A01020,FY25,Q2,unknown,1,0,parsed
AARTIIND,INE769A01020,FY25,Q3,unknown,1,0,parsed
AAVAS,INE216P01012,FY24,Q3,unknown,1,0,parsed
AAVAS,INE216P01012,FY24,Q4,unknown,1,0,parsed
AAVAS,INE216P01012,FY25,Q1,unknown,1,0,parsed
AAVAS,INE216P01012,FY25,Q2,unknown,1,0,parsed
AAVAS,INE216P01012,FY25,Q3,unknown,1,0,parsed
ABB,INE117A01022,FY24,Q3,unknown,1,0,parsed
ABB,INE117A01022,FY24,Q4,unknown,1,0,parsed
ABB,INE117A01022,FY25,Q1,unknown,1,0,parsed
ABB,INE117A01022,FY25,Q2,unknown,1,0,parsed
ABB,INE117A01022,FY25,Q3,unknown,1,0,parsed
ABDL,INE552Z01027,FY24,Q4,unknown,1,0,parsed
ABDL,INE552Z01027,FY25,Q1,unknown,1,0,parsed
ABDL,INE552Z01027,FY25,Q2,unknown,1,0,parsed
ABDL,INE552Z01027,FY25,Q3,unknown,1,0,parsed
ABREL,INE055A01016,FY24,Q3,unknown,1,0,parsed
ABREL,INE055A01016,FY24,Q4,unknown,1,0,parsed
ABREL,INE055A01016,FY25,Q1,unknown,1,0,parsed
ABREL,INE055A01016,FY25,Q2,unknown,1,0,parsed
ABREL,INE055A01016,FY25,Q3,unknown,1,0,parsed
ABSLAMC,INE404A01024,FY22,Q3,unknown,1,0,parsed
ABSLAMC,INE404A01024,FY24,Q1,unknown,1,0,parsed
ABSLAMC,INE404A01024,FY25,Q3,unknown,1,0,parsed
ACE,INE731H01025,FY24,Q3,unknown,1,0,parsed
ACE,INE731H01025,FY24,Q4,unknown,1,0,parsed
ACE,INE731H01025,FY25,Q1,unknown,1,0,parsed
ACE,INE731H01025,FY25,Q2,unknown,1,0,parsed
ACE,INE731H01025,FY25,Q3,unknown,1,0,parsed
ACMESOLAR,INE622W01025,FY25,Q2,unknown,1,0,parsed
ACMESOLAR,INE622W01025,FY25,Q3,unknown,1,0,parsed
ACUTAAS,INE00FF01025,FY24,Q3,unknown,1,0,parsed
ACUTAAS,INE00FF01025,FY24,Q4,unknown,1,0,parsed
ACUTAAS,INE00FF01025,FY25,Q1,unknown,1,0,parsed
ACUTAAS,INE00FF01025,FY25,Q2,unknown,1,0,parsed
ACUTAAS,INE00FF01025,FY25,Q3,unknown,1,0,parsed
ADANIENSOL,INE931S01010,FY24,Q4,unknown,1,0,parsed
ADANIENSOL,INE931S01010,FY25,Q1,unknown,1,0,parsed
ADANIENSOL,INE931S01010,FY25,Q2,unknown,1,0,parsed
ADANIENSOL,INE931S01010,FY25,Q3,unknown,1,0,parsed
ADANIENT,INE423A01024,FY22,Q1,unknown,0,1,filed_not_parsed
ADANIENT,INE423A01024,FY22,Q2,Unaudited,0,1,filed_not_parsed
ADANIENT,INE423A01024,FY22,Q2,unknown,0,1,filed_not_parsed
ADANIENT,INE423A01024,FY22,Q3,unknown,0,1,filed_not_parsed
ADANIENT,INE423A01024,FY22,Q4,unknown,0,1,filed_not_parsed
ADANIENT,INE423A01024,FY23,Q3,unknown,1,0,parsed
ADANIENT,INE423A01024,FY23,Q4,unknown,1,1,parsed
ADANIENT,INE423A01024,FY23,FY,unknown,1,0,parsed
ADANIENT,INE423A01024,FY24,Q1,unknown,0,1,filed_not_parsed
ADANIENT,INE423A01024,FY24,Q2,unknown,0,1,filed_not_parsed
ADANIENT,INE423A01024,FY24,Q3,unknown,1,1,parsed
ADANIENT,INE423A01024,FY24,Q4,unknown,0,1,filed_not_parsed
ADANIENT,INE423A01024,FY25,Q1,unknown,0,1,filed_not_parsed
ADANIENT,INE423A01024,FY25,Q2,unknown,0,1,filed_not_parsed
ADANIENT,INE423A01024,FY25,Q3,unknown,0,1,filed_not_parsed
ADANIENT,INE423A01024,FY26,Q2,unknown,0,1,filed_not_parsed
ADANIENT,INE423A01024,FY26,Q3,unknown,0,1,filed_not_parsed
ADANIGREEN,INE364U01010,FY24,Q3,unknown,1,0,parsed
ADANIGREEN,INE364U01010,FY24,Q4,unknown,1,0,parsed
ADANIGREEN,INE364U01010,FY25,Q1,unknown,1,0,parsed
ADANIGREEN,INE364U01010,FY25,Q2,unknown,1,0,parsed
ADANIGREEN,INE364U01010,FY25,Q3,unknown,1,0,parsed
ADANIPORTS,INE742F01042,FY22,Q1,Audited,0,1,filed_not_parsed
ADANIPORTS,INE742F01042,FY22,Q1,Unaudited,1,0,parsed
ADANIPORTS,INE742F01042,FY22,Q1,unknown,0,1,filed_not_parsed
ADANIPORTS,INE742F01042,FY22,Q2,Unaudited,0,1,filed_not_parsed
ADANIPORTS,INE742F01042,FY22,Q2,unknown,1,1,parsed
ADANIPORTS,INE742F01042,FY22,Q3,unknown,1,1,parsed
ADANIPORTS,INE742F01042,FY22,Q4,unknown,1,1,parsed
ADANIPORTS,INE742F01042,FY22,FY,unknown,1,0,parsed
ADANIPORTS,INE742F01042,FY23,Q1,Unaudited,0,1,filed_not_parsed
ADANIPORTS,INE742F01042,FY23,Q1,unknown,1,0,parsed
ADANIPORTS,INE742F01042,FY23,Q2,unknown,1,0,parsed
ADANIPORTS,INE742F01042,FY23,Q3,unknown,1,1,parsed
ADANIPORTS,INE742F01042,FY23,Q4,unknown,1,1,parsed
ADANIPORTS,INE742F01042,FY23,FY,unknown,1,0,parsed
ADANIPORTS,INE742F01042,FY24,Q1,Audited,0,1,filed_not_parsed
ADANIPORTS,INE742F01042,FY24,Q1,unknown,1,1,parsed
ADANIPORTS,INE742F01042,FY24,Q2,unknown,1,1,parsed
ADANIPORTS,INE742F01042,FY24,Q3,unknown,1,1,parsed
ADANIPORTS,INE742F01042,FY24,Q4,unknown,1,1,parsed
ADANIPORTS,INE742F01042,FY24,FY,unknown,3,0,parsed
ADANIPORTS,INE742F01042,FY25,Q1,unknown,1,1,parsed
ADANIPORTS,INE742F01042,FY25,Q2,unknown,1,1,parsed
ADANIPORTS,INE742F01042,FY25,Q3,unknown,1,1,parsed
ADANIPORTS,INE742F01042,FY25,Q4,unknown,1,0,parsed
ADANIPORTS,INE742F01042,FY25,FY,unknown,1,0,parsed
ADANIPORTS,INE742F01042,FY26,Q1,unknown,1,0,parsed
ADANIPORTS,INE742F01042,FY26,Q2,unknown,1,1,parsed
ADANIPORTS,INE742F01042,FY26,Q3,unknown,1,1,parsed
ADANIPORTS,INE742F01042,FY26,Q4,unknown,1,1,parsed
ADANIPORTS,INE742F01042,FY26,FY,unknown,1,0,parsed
ADANIPOWER,INE814H01029,FY24,Q3,unknown,1,0,parsed
ADANIPOWER,INE814H01029,FY24,Q4,unknown,1,0,parsed
ADANIPOWER,INE814H01029,FY25,Q1,unknown,1,0,parsed
ADANIPOWER,INE814H01029,FY25,Q2,unknown,1,0,parsed
ADANIPOWER,INE814H01029,FY25,Q3,unknown,1,0,parsed
AEGISLOG,INE208C01025,FY24,Q3,unknown,1,0,parsed
AEGISLOG,INE208C01025,FY24,Q4,unknown,1,0,parsed
AEGISLOG,INE208C01025,FY25,Q1,unknown,1,0,parsed
AEGISLOG,INE208C01025,FY25,Q2,unknown,1,0,parsed
AEGISLOG,INE208C01025,FY25,Q3,unknown,1,0,parsed
AFFLE,INE00WC01027,FY24,Q3,unknown,1,0,parsed
AFFLE,INE00WC01027,FY24,Q4,unknown,1,0,parsed
AFFLE,INE00WC01027,FY25,Q1,unknown,1,0,parsed
AFFLE,INE00WC01027,FY25,Q2,unknown,1,0,parsed
AFFLE,INE00WC01027,FY25,Q3,unknown,1,0,parsed
AMBER,INE371P01015,FY24,Q3,unknown,1,0,parsed
AMBER,INE371P01015,FY24,Q4,unknown,1,0,parsed
AMBER,INE371P01015,FY25,Q1,unknown,1,0,parsed
AMBER,INE371P01015,FY25,Q2,unknown,1,0,parsed
AMBER,INE371P01015,FY25,Q3,unknown,1,0,parsed
AMBUJACEM,INE079A01024,FY24,Q3,unknown,1,0,parsed
AMBUJACEM,INE079A01024,FY24,Q4,unknown,1,0,parsed
AMBUJACEM,INE079A01024,FY25,Q1,unknown,1,0,parsed
AMBUJACEM,INE079A01024,FY25,Q2,unknown,1,0,parsed
AMBUJACEM,INE079A01024,FY25,Q3,unknown,1,0,parsed
ANANDRATHI,INE463V01026,FY24,Q3,unknown,1,0,parsed
ANANDRATHI,INE463V01026,FY24,Q4,unknown,1,0,parsed
ANANDRATHI,INE463V01026,FY25,Q1,unknown,1,0,parsed
ANANDRATHI,INE463V01026,FY25,Q2,unknown,1,0,parsed
ANANDRATHI,INE463V01026,FY25,Q3,unknown,1,0,parsed
ANANTRAJ,INE242C01024,FY24,Q3,unknown,1,0,parsed
ANANTRAJ,INE242C01024,FY24,Q4,unknown,1,0,parsed
ANANTRAJ,INE242C01024,FY25,Q1,unknown,1,0,parsed
ANANTRAJ,INE242C01024,FY25,Q2,unknown,1,0,parsed
ANANTRAJ,INE242C01024,FY25,Q3,unknown,1,0,parsed
ANURAS,INE930P01018,FY24,Q3,unknown,1,0,parsed
ANURAS,INE930P01018,FY24,Q4,unknown,1,0,parsed
ANURAS,INE930P01018,FY25,Q1,unknown,1,0,parsed
ANURAS,INE930P01018,FY25,Q2,unknown,1,0,parsed
ANURAS,INE930P01018,FY25,Q3,unknown,1,0,parsed
APOLLOHOSP,INE437A01024,FY22,Q1,unknown,0,1,filed_not_parsed
APOLLOHOSP,INE437A01024,FY22,Q2,unknown,0,1,filed_not_parsed
APOLLOHOSP,INE437A01024,FY22,Q3,unknown,0,1,filed_not_parsed
APOLLOHOSP,INE437A01024,FY22,Q4,Audited,0,1,filed_not_parsed
APOLLOHOSP,INE437A01024,FY22,Q4,unknown,0,1,filed_not_parsed
APOLLOHOSP,INE437A01024,FY23,Q1,Unaudited,0,1,filed_not_parsed
APOLLOHOSP,INE437A01024,FY23,Q2,Unaudited,0,1,filed_not_parsed
APOLLOHOSP,INE437A01024,FY23,Q3,unknown,0,1,filed_not_parsed
APOLLOHOSP,INE437A01024,FY23,Q4,unknown,0,1,filed_not_parsed
APOLLOHOSP,INE437A01024,FY24,Q1,unknown,0,1,filed_not_parsed
APOLLOHOSP,INE437A01024,FY24,Q2,unknown,0,1,filed_not_parsed
APOLLOHOSP,INE437A01024,FY24,Q3,unknown,0,1,filed_not_parsed
APOLLOHOSP,INE437A01024,FY24,Q4,unknown,0,1,filed_not_parsed
APOLLOHOSP,INE437A01024,FY24,FY,unknown,1,0,parsed
APOLLOHOSP,INE437A01024,FY25,Q1,unknown,0,1,filed_not_parsed
APOLLOHOSP,INE437A01024,FY25,Q2,unknown,0,3,filed_not_parsed
APOLLOHOSP,INE437A01024,FY25,Q3,unknown,0,1,filed_not_parsed
APOLLOHOSP,INE437A01024,FY25,Q4,unknown,0,1,filed_not_parsed
APOLLOHOSP,INE437A01024,FY25,FY,unknown,1,0,parsed
APOLLOHOSP,INE437A01024,FY26,Q2,unknown,0,1,filed_not_parsed
APOLLOHOSP,INE437A01024,FY26,Q3,unknown,0,1,filed_not_parsed
APOLLOHOSP,INE437A01024,FY26,Q4,unknown,0,1,filed_not_parsed
APTUS,INE852O01025,FY24,Q1,unknown,1,0,parsed
APTUS,INE852O01025,FY24,Q2,unknown,1,0,parsed
APTUS,INE852O01025,FY24,Q3,unknown,1,0,parsed
APTUS,INE852O01025,FY25,Q2,unknown,1,0,parsed
APTUS,INE852O01025,FY25,Q3,unknown,1,0,parsed
ARE&M,INE885A01032,FY24,Q3,unknown,1,0,parsed
ARE&M,INE885A01032,FY24,Q4,unknown,1,0,parsed
ARE&M,INE885A01032,FY25,Q1,unknown,1,0,parsed
ARE&M,INE885A01032,FY25,Q2,unknown,1,0,parsed
ARE&M,INE885A01032,FY25,Q3,unknown,1,0,parsed
ASAHIINDIA,INE439A01020,FY24,Q3,unknown,1,0,parsed
ASAHIINDIA,INE439A01020,FY24,Q4,unknown,1,0,parsed
ASAHIINDIA,INE439A01020,FY25,Q1,unknown,1,0,parsed
ASAHIINDIA,INE439A01020,FY25,Q2,unknown,1,0,parsed
ASAHIINDIA,INE439A01020,FY25,Q3,unknown,1,0,parsed
ASIANPAINT,INE021A01026,FY22,Q1,Audited,1,2,parsed
ASIANPAINT,INE021A01026,FY22,Q2,Audited,1,1,parsed
ASIANPAINT,INE021A01026,FY22,Q3,Audited,1,2,parsed
ASIANPAINT,INE021A01026,FY22,Q4,Audited,1,4,parsed
ASIANPAINT,INE021A01026,FY22,FY,Audited,1,0,parsed
ASIANPAINT,INE021A01026,FY23,Q1,Audited,1,1,parsed
ASIANPAINT,INE021A01026,FY23,Q2,Audited,1,1,parsed
ASIANPAINT,INE021A01026,FY23,Q3,Audited,1,2,parsed
ASIANPAINT,INE021A01026,FY23,Q4,Audited,2,2,parsed
ASIANPAINT,INE021A01026,FY23,FY,Audited,1,0,parsed
ASIANPAINT,INE021A01026,FY24,Q1,Audited,1,2,parsed
ASIANPAINT,INE021A01026,FY24,Q2,Audited,1,2,parsed
ASIANPAINT,INE021A01026,FY24,Q3,Audited,1,2,parsed
ASIANPAINT,INE021A01026,FY24,Q4,Audited,1,1,parsed
ASIANPAINT,INE021A01026,FY24,FY,Audited,1,0,parsed
ASIANPAINT,INE021A01026,FY25,Q1,Audited,1,3,parsed
ASIANPAINT,INE021A01026,FY25,Q2,Audited,2,1,parsed
ASIANPAINT,INE021A01026,FY25,Q3,Audited,0,1,filed_not_parsed
ASIANPAINT,INE021A01026,FY25,Q4,Audited,2,0,parsed
ASIANPAINT,INE021A01026,FY25,FY,Audited,1,0,parsed
ASIANPAINT,INE021A01026,FY26,Q1,Audited,1,1,parsed
ASIANPAINT,INE021A01026,FY26,Q2,Audited,2,2,parsed
ASIANPAINT,INE021A01026,FY26,Q3,Audited,1,0,parsed
ASIANPAINT,INE021A01026,FY26,Q4,Audited,1,0,parsed
ASIANPAINT,INE021A01026,FY26,FY,Audited,1,0,parsed
ASTERDM,INE914M01019,FY24,Q3,unknown,1,0,parsed
ASTERDM,INE914M01019,FY24,Q4,unknown,1,0,parsed
ASTERDM,INE914M01019,FY25,Q1,unknown,1,0,parsed
ASTERDM,INE914M01019,FY25,Q2,unknown,1,0,parsed
ASTERDM,INE914M01019,FY25,Q3,unknown,1,0,parsed
ATUL,INE100A01010,FY23,Q4,unknown,1,0,parsed
ATUL,INE100A01010,FY24,Q2,unknown,1,0,parsed
ATUL,INE100A01010,FY25,Q1,unknown,1,0,parsed
ATUL,INE100A01010,FY25,Q2,unknown,1,0,parsed
ATUL,INE100A01010,FY25,Q3,unknown,1,0,parsed
AXISBANK,INE238A01034,FY22,Q1,Audited,0,1,filed_not_parsed
AXISBANK,INE238A01034,FY22,Q2,Audited,0,1,filed_not_parsed
AXISBANK,INE238A01034,FY22,Q3,Audited,1,1,parsed
AXISBANK,INE238A01034,FY22,Q4,Audited,1,1,parsed
AXISBANK,INE238A01034,FY22,FY,Audited,1,0,parsed
AXISBANK,INE238A01034,FY23,Q2,Audited,1,0,parsed
AXISBANK,INE238A01034,FY23,Q3,Audited,1,0,parsed
AXISBANK,INE238A01034,FY23,Q3,Unaudited,0,1,filed_not_parsed
AXISBANK,INE238A01034,FY23,Q4,Audited,1,1,parsed
AXISBANK,INE238A01034,FY24,Q1,Audited,0,1,filed_not_parsed
AXISBANK,INE238A01034,FY24,Q2,Audited,1,1,parsed
AXISBANK,INE238A01034,FY24,Q3,Audited,1,1,parsed
AXISBANK,INE238A01034,FY24,Q4,Audited,1,1,parsed
AXISBANK,INE238A01034,FY25,Q1,Audited,1,2,parsed
AXISBANK,INE238A01034,FY25,Q2,Audited,1,1,parsed
AXISBANK,INE238A01034,FY25,Q2,Unaudited,0,1,filed_not_parsed
AXISBANK,INE238A01034,FY25,Q3,Audited,1,0,parsed
AXISBANK,INE238A01034,FY25,Q3,Unaudited,0,1,filed_not_parsed
AXISBANK,INE238A01034,FY25,Q4,Audited,1,0,parsed
AXISBANK,INE238A01034,FY26,Q1,Audited,1,0,parsed
AXISBANK,INE238A01034,FY26,Q2,Audited,1,1,parsed
AXISBANK,INE238A01034,FY26,Q3,Audited,1,1,parsed
AXISBANK,INE238A01034,FY26,Q4,Audited,1,1,parsed
BAJAJ-AUTO,INE917I01010,FY22,Q1,unknown,0,1,filed_not_parsed
BAJAJ-AUTO,INE917I01010,FY22,Q2,unknown,1,1,parsed
BAJAJ-AUTO,INE917I01010,FY22,Q3,unknown,1,1,parsed
BAJAJ-AUTO,INE917I01010,FY22,Q4,unknown,1,1,parsed
BAJAJ-AUTO,INE917I01010,FY22,FY,unknown,1,0,parsed
BAJAJ-AUTO,INE917I01010,FY23,Q1,unknown,1,0,parsed
BAJAJ-AUTO,INE917I01010,FY23,Q2,unknown,1,0,parsed
BAJAJ-AUTO,INE917I01010,FY23,Q3,unknown,1,1,parsed
BAJAJ-AUTO,INE917I01010,FY23,Q4,unknown,1,1,parsed
BAJAJ-AUTO,INE917I01010,FY23,FY,unknown,1,0,parsed
BAJAJ-AUTO,INE917I01010,FY24,Q1,unknown,1,1,parsed
BAJAJ-AUTO,INE917I01010,FY24,Q2,unknown,1,1,parsed
BAJAJ-AUTO,INE917I01010,FY24,Q3,Unaudited,1,0,parsed
BAJAJ-AUTO,INE917I01010,FY24,Q3,unknown,1,1,parsed
BAJAJ-AUTO,INE917I01010,FY24,Q4,Unaudited,1,0,parsed
BAJAJ-AUTO,INE917I01010,FY24,Q4,unknown,1,1,parsed
BAJAJ-AUTO,INE917I01010,FY24,FY,unknown,1,0,parsed
BAJAJ-AUTO,INE917I01010,FY25,Q1,unknown,1,1,parsed
BAJAJ-AUTO,INE917I01010,FY25,Q2,unknown,1,1,parsed
BAJAJ-AUTO,INE917I01010,FY25,Q3,Unaudited,1,0,parsed
BAJAJ-AUTO,INE917I01010,FY25,Q3,unknown,1,1,parsed
BAJAJ-AUTO,INE917I01010,FY25,Q4,Unaudited,1,0,parsed
BAJAJ-AUTO,INE917I01010,FY25,Q4,unknown,1,1,parsed
BAJAJ-AUTO,INE917I01010,FY26,Q1,unknown,1,0,parsed
BAJAJ-AUTO,INE917I01010,FY26,Q2,unknown,1,1,parsed
BAJAJ-AUTO,INE917I01010,FY26,Q3,unknown,1,1,parsed
BAJAJ-AUTO,INE917I01010,FY26,Q4,unknown,1,1,parsed
BAJAJ-AUTO,INE917I01010,FY26,FY,unknown,1,0,parsed
BAJAJFINSV,INE918I01026,FY22,Q1,unknown,0,1,filed_not_parsed
BAJAJFINSV,INE918I01026,FY22,Q2,unknown,0,1,filed_not_parsed
BAJAJFINSV,INE918I01026,FY22,Q3,unknown,0,1,filed_not_parsed
BAJAJFINSV,INE918I01026,FY22,Q4,unknown,0,1,filed_not_parsed
BAJAJFINSV,INE918I01026,FY23,Q3,unknown,0,1,filed_not_parsed
BAJAJFINSV,INE918I01026,FY23,Q4,unknown,0,1,filed_not_parsed
BAJAJFINSV,INE918I01026,FY24,Q1,Audited,0,1,filed_not_parsed
BAJAJFINSV,INE918I01026,FY24,Q1,unknown,0,1,filed_not_parsed
BAJAJFINSV,INE918I01026,FY24,Q2,unknown,0,1,filed_not_parsed
BAJAJFINSV,INE918I01026,FY24,Q3,unknown,0,1,filed_not_parsed
BAJAJFINSV,INE918I01026,FY24,Q4,unknown,0,1,filed_not_parsed
BAJAJFINSV,INE918I01026,FY25,Q1,unknown,0,1,filed_not_parsed
BAJAJFINSV,INE918I01026,FY25,Q2,unknown,0,1,filed_not_parsed
BAJAJFINSV,INE918I01026,FY25,Q3,unknown,0,1,filed_not_parsed
BAJAJFINSV,INE918I01026,FY26,Q2,unknown,0,1,filed_not_parsed
BAJAJFINSV,INE918I01026,FY26,Q3,unknown,0,1,filed_not_parsed
BAJAJFINSV,INE918I01026,FY26,Q4,unknown,0,1,filed_not_parsed
BAJAJHLDNG,INE118A01012,FY25,Q3,unknown,1,0,parsed
BAJFINANCE,INE296A01032,FY22,Q1,unknown,0,1,filed_not_parsed
BAJFINANCE,INE296A01032,FY22,Q2,unknown,0,1,filed_not_parsed
BAJFINANCE,INE296A01032,FY22,Q3,unknown,0,1,filed_not_parsed
BAJFINANCE,INE296A01032,FY22,Q4,unknown,0,1,filed_not_parsed
BAJFINANCE,INE296A01032,FY23,Q1,unknown,1,0,parsed
BAJFINANCE,INE296A01032,FY23,Q3,unknown,0,1,filed_not_parsed
BAJFINANCE,INE296A01032,FY23,Q4,unknown,0,1,filed_not_parsed
BAJFINANCE,INE296A01032,FY23,FY,unknown,1,0,parsed
BAJFINANCE,INE296A01032,FY24,Q1,unknown,0,1,filed_not_parsed
BAJFINANCE,INE296A01032,FY24,Q2,unknown,0,1,filed_not_parsed
BAJFINANCE,INE296A01032,FY24,Q3,unknown,0,1,filed_not_parsed
BAJFINANCE,INE296A01032,FY24,Q4,unknown,0,1,filed_not_parsed
BAJFINANCE,INE296A01032,FY25,Q1,unknown,0,1,filed_not_parsed
BAJFINANCE,INE296A01032,FY25,Q2,unknown,0,1,filed_not_parsed
BAJFINANCE,INE296A01032,FY25,Q3,unknown,0,1,filed_not_parsed
BAJFINANCE,INE296A01032,FY26,Q1,Audited,0,2,filed_not_parsed
BAJFINANCE,INE296A01032,FY26,Q1,unknown,0,1,filed_not_parsed
BAJFINANCE,INE296A01032,FY26,Q2,Unaudited,0,1,filed_not_parsed
BAJFINANCE,INE296A01032,FY26,Q2,unknown,0,1,filed_not_parsed
BAJFINANCE,INE296A01032,FY26,Q3,unknown,0,1,filed_not_parsed
BAJFINANCE,INE296A01032,FY26,Q4,unknown,0,2,filed_not_parsed
BALRAMCHIN,INE119A01028,FY24,Q3,unknown,1,0,parsed
BALRAMCHIN,INE119A01028,FY24,Q4,unknown,1,0,parsed
BALRAMCHIN,INE119A01028,FY25,Q1,unknown,1,0,parsed
BALRAMCHIN,INE119A01028,FY25,Q2,unknown,1,0,parsed
BALRAMCHIN,INE119A01028,FY25,Q3,unknown,1,0,parsed
BANDHANBNK,INE545U01014,FY24,Q3,unknown,1,0,parsed
BANDHANBNK,INE545U01014,FY24,Q4,unknown,1,0,parsed
BANDHANBNK,INE545U01014,FY25,Q1,unknown,1,0,parsed
BANDHANBNK,INE545U01014,FY25,Q2,unknown,1,0,parsed
BANDHANBNK,INE545U01014,FY25,Q3,unknown,1,0,parsed
BANKBARODA,INE028A01039,FY25,Q3,unknown,1,0,parsed
BANKBARODA,INE028A01039,FY25,Q4,unknown,1,0,parsed
BANKBARODA,INE028A01039,FY25,FY,unknown,1,0,parsed
BANKBARODA,INE028A01039,FY26,Q1,unknown,1,0,parsed
BANKBARODA,INE028A01039,FY26,Q3,unknown,1,0,parsed
BANKBARODA,INE028A01039,FY26,Q4,unknown,1,0,parsed
BANKBARODA,INE028A01039,FY26,FY,unknown,1,0,parsed
BATAINDIA,INE176A01028,FY24,Q3,unknown,1,0,parsed
BATAINDIA,INE176A01028,FY24,Q4,unknown,1,0,parsed
BATAINDIA,INE176A01028,FY25,Q1,unknown,1,0,parsed
BATAINDIA,INE176A01028,FY25,Q2,unknown,1,0,parsed
BATAINDIA,INE176A01028,FY25,Q3,unknown,1,0,parsed
BBTC,INE050A01025,FY24,Q3,unknown,1,0,parsed
BBTC,INE050A01025,FY24,Q4,unknown,1,0,parsed
BBTC,INE050A01025,FY25,Q1,unknown,1,0,parsed
BBTC,INE050A01025,FY25,Q2,unknown,1,0,parsed
BBTC,INE050A01025,FY25,Q3,unknown,1,0,parsed
BEL,INE263A01024,FY22,Q1,unknown,1,1,parsed
BEL,INE263A01024,FY22,Q2,unknown,1,1,parsed
BEL,INE263A01024,FY22,Q3,unknown,1,1,parsed
BEL,INE263A01024,FY22,Q4,unknown,1,1,parsed
BEL,INE263A01024,FY23,Q1,unknown,1,0,parsed
BEL,INE263A01024,FY23,Q2,unknown,1,0,parsed
BEL,INE263A01024,FY23,Q3,unknown,1,1,parsed
BEL,INE263A01024,FY23,Q4,unknown,1,1,parsed
BEL,INE263A01024,FY24,Q1,unknown,1,1,parsed
BEL,INE263A01024,FY24,Q2,unknown,1,1,parsed
BEL,INE263A01024,FY24,Q3,unknown,1,1,parsed
BEL,INE263A01024,FY24,Q4,unknown,2,1,parsed
BEL,INE263A01024,FY25,Q1,Unaudited,1,0,parsed
BEL,INE263A01024,FY25,Q1,unknown,0,1,filed_not_parsed
BEL,INE263A01024,FY25,Q2,unknown,1,1,parsed
BEL,INE263A01024,FY25,Q3,unknown,1,1,parsed
BEL,INE263A01024,FY25,Q4,Unaudited,1,0,parsed
BEL,INE263A01024,FY25,Q4,unknown,1,1,parsed
BEL,INE263A01024,FY25,FY,unknown,0,1,filed_not_parsed
BEL,INE263A01024,FY26,Q1,Unaudited,1,0,parsed
BEL,INE263A01024,FY26,Q2,unknown,1,1,parsed
BEL,INE263A01024,FY26,Q3,unknown,1,1,parsed
BEL,INE263A01024,FY26,Q4,unknown,1,0,parsed
BEL,INE263A01024,FY26,FY,unknown,0,1,filed_not_parsed
BEML,INE258A01024,FY24,Q3,unknown,1,0,parsed
BEML,INE258A01024,FY24,Q4,unknown,1,0,parsed
BEML,INE258A01024,FY25,Q1,unknown,1,0,parsed
BEML,INE258A01024,FY25,Q2,unknown,1,0,parsed
BEML,INE258A01024,FY25,Q3,unknown,1,0,parsed
BHARTIARTL,INE397D01024,FY22,Q1,unknown,0,2,filed_not_parsed
BHARTIARTL,INE397D01024,FY22,Q2,unknown,0,3,filed_not_parsed
BHARTIARTL,INE397D01024,FY22,Q3,unknown,0,2,filed_not_parsed
BHARTIARTL,INE397D01024,FY22,Q4,unknown,0,3,filed_not_parsed
BHARTIARTL,INE397D01024,FY23,Q1,Audited,0,2,filed_not_parsed
BHARTIARTL,INE397D01024,FY23,Q1,unknown,0,2,filed_not_parsed
BHARTIARTL,INE397D01024,FY23,Q2,Audited,0,1,filed_not_parsed
BHARTIARTL,INE397D01024,FY23,Q2,unknown,0,1,filed_not_parsed
BHARTIARTL,INE397D01024,FY23,Q3,unknown,0,1,filed_not_parsed
BHARTIARTL,INE397D01024,FY23,Q4,unknown,0,2,filed_not_parsed
BHARTIARTL,INE397D01024,FY24,Q1,unknown,0,2,filed_not_parsed
BHARTIARTL,INE397D01024,FY24,Q2,unknown,0,2,filed_not_parsed
BHARTIARTL,INE397D01024,FY24,Q3,unknown,0,2,filed_not_parsed
BHARTIARTL,INE397D01024,FY24,Q4,unknown,0,1,filed_not_parsed
BHARTIARTL,INE397D01024,FY25,Q1,unknown,0,2,filed_not_parsed
BHARTIARTL,INE397D01024,FY25,Q2,unknown,0,3,filed_not_parsed
BHARTIARTL,INE397D01024,FY25,Q3,unknown,0,1,filed_not_parsed
BHARTIARTL,INE397D01024,FY25,Q4,unknown,0,1,filed_not_parsed
BHARTIARTL,INE397D01024,FY25,FY,unknown,1,0,parsed
BHARTIARTL,INE397D01024,FY26,Q1,unknown,1,2,parsed
BHARTIARTL,INE397D01024,FY26,Q2,unknown,1,3,parsed
BHARTIARTL,INE397D01024,FY26,Q3,unknown,0,2,filed_not_parsed
BHARTIARTL,INE397D01024,FY26,Q4,Audited,0,1,filed_not_parsed
BHARTIARTL,INE397D01024,FY26,Q4,unknown,0,2,filed_not_parsed
BHARTIARTL,INE397D01024,FY26,FY,unknown,1,0,parsed
BHEL,INE257A01026,FY24,Q3,unknown,1,0,parsed
BHEL,INE257A01026,FY24,Q4,unknown,1,0,parsed
BHEL,INE257A01026,FY24,FY,unknown,1,0,parsed
BHEL,INE257A01026,FY25,Q3,unknown,1,0,parsed
BHEL,INE257A01026,FY25,Q4,unknown,1,0,parsed
BHEL,INE257A01026,FY25,FY,unknown,2,0,parsed
BHEL,INE257A01026,FY26,FY,unknown,1,0,parsed
BIKAJI,INE00E101023,FY24,Q3,unknown,1,0,parsed
BIKAJI,INE00E101023,FY24,Q4,unknown,1,0,parsed
BIKAJI,INE00E101023,FY25,Q1,unknown,1,0,parsed
BIKAJI,INE00E101023,FY25,Q2,unknown,1,0,parsed
BIKAJI,INE00E101023,FY25,Q3,unknown,1,0,parsed
BLS,INE153T01027,FY24,Q3,unknown,1,0,parsed
BLS,INE153T01027,FY24,Q4,unknown,1,0,parsed
BLS,INE153T01027,FY25,Q1,unknown,1,0,parsed
BLS,INE153T01027,FY25,Q2,unknown,1,0,parsed
BLS,INE153T01027,FY25,Q3,unknown,1,0,parsed
BLUEDART,INE233B01017,FY24,Q4,unknown,1,0,parsed
BLUEDART,INE233B01017,FY25,Q1,unknown,1,0,parsed
BLUEDART,INE233B01017,FY25,Q2,unknown,1,0,parsed
BLUEDART,INE233B01017,FY25,Q3,unknown,1,0,parsed
BLUEJET,INE0KBH01020,FY24,Q3,unknown,1,0,parsed
BLUEJET,INE0KBH01020,FY24,Q4,unknown,1,0,parsed
BLUEJET,INE0KBH01020,FY25,Q1,unknown,1,0,parsed
BLUEJET,INE0KBH01020,FY25,Q2,unknown,1,0,parsed
BLUEJET,INE0KBH01020,FY25,Q3,unknown,1,0,parsed
BOSCHLTD,INE323A01026,FY24,Q3,unknown,1,0,parsed
BOSCHLTD,INE323A01026,FY24,Q4,unknown,1,0,parsed
BOSCHLTD,INE323A01026,FY25,Q1,unknown,1,0,parsed
BOSCHLTD,INE323A01026,FY25,Q2,unknown,1,0,parsed
BOSCHLTD,INE323A01026,FY25,Q3,unknown,1,0,parsed
BPCL,INE029A01011,FY25,Q1,unknown,1,0,parsed
BPCL,INE029A01011,FY25,Q4,unknown,1,0,parsed
BPCL,INE029A01011,FY26,Q1,unknown,1,0,parsed
BPCL,INE029A01011,FY26,Q4,unknown,1,0,parsed
BRIGADE,INE791I01019,FY24,Q3,unknown,1,0,parsed
BRIGADE,INE791I01019,FY24,Q4,unknown,1,0,parsed
BRIGADE,INE791I01019,FY25,Q1,unknown,1,0,parsed
BRIGADE,INE791I01019,FY25,Q2,unknown,1,0,parsed
BRIGADE,INE791I01019,FY25,Q3,unknown,1,0,parsed
BRITANNIA,INE216A01030,FY24,Q3,unknown,1,0,parsed
BRITANNIA,INE216A01030,FY25,Q1,unknown,1,0,parsed
BRITANNIA,INE216A01030,FY25,Q3,unknown,1,0,parsed
BRITANNIA,INE216A01030,FY25,Q4,unknown,1,0,parsed
BRITANNIA,INE216A01030,FY25,FY,unknown,1,0,parsed
BRITANNIA,INE216A01030,FY26,Q1,unknown,1,0,parsed
BRITANNIA,INE216A01030,FY26,Q3,unknown,1,0,parsed
BRITANNIA,INE216A01030,FY26,Q4,unknown,1,0,parsed
BRITANNIA,INE216A01030,FY26,FY,unknown,1,0,parsed
BSOFT,INE836A01035,FY24,Q3,unknown,1,0,parsed
BSOFT,INE836A01035,FY24,Q4,unknown,1,0,parsed
BSOFT,INE836A01035,FY25,Q1,unknown,1,0,parsed
BSOFT,INE836A01035,FY25,Q2,unknown,1,0,parsed
BSOFT,INE836A01035,FY25,Q3,unknown,1,0,parsed
CAMS,INE596I01020,FY24,Q3,unknown,1,0,parsed
CAMS,INE596I01020,FY24,Q4,unknown,1,0,parsed
CAMS,INE596I01020,FY25,Q1,unknown,1,0,parsed
CAMS,INE596I01020,FY25,Q2,unknown,1,0,parsed
CAMS,INE596I01020,FY25,Q3,unknown,1,0,parsed
CANBK,INE476A01022,FY24,Q3,unknown,1,0,parsed
CANBK,INE476A01022,FY24,Q4,unknown,1,0,parsed
CANBK,INE476A01022,FY25,Q1,unknown,1,0,parsed
CANBK,INE476A01022,FY25,Q2,unknown,1,0,parsed
CANBK,INE476A01022,FY25,Q3,unknown,1,0,parsed
CANFINHOME,INE477A01020,FY24,Q3,unknown,1,0,parsed
CANFINHOME,INE477A01020,FY24,Q4,unknown,1,0,parsed
CANFINHOME,INE477A01020,FY25,Q1,unknown,1,0,parsed
CANFINHOME,INE477A01020,FY25,Q2,unknown,1,0,parsed
CANFINHOME,INE477A01020,FY25,Q3,unknown,1,0,parsed
CAPLIPOINT,INE475E01026,FY24,Q3,unknown,1,0,parsed
CAPLIPOINT,INE475E01026,FY24,Q4,unknown,1,0,parsed
CAPLIPOINT,INE475E01026,FY25,Q1,unknown,1,0,parsed
CAPLIPOINT,INE475E01026,FY25,Q2,unknown,1,0,parsed
CAPLIPOINT,INE475E01026,FY25,Q3,unknown,1,0,parsed
CARBORUNIV,INE120A01034,FY24,Q3,unknown,1,0,parsed
CARBORUNIV,INE120A01034,FY24,Q4,unknown,1,0,parsed
CARBORUNIV,INE120A01034,FY25,Q1,unknown,1,0,parsed
CARBORUNIV,INE120A01034,FY25,Q2,unknown,1,0,parsed
CARBORUNIV,INE120A01034,FY25,Q3,unknown,1,0,parsed
CARTRADE,INE290S01011,FY24,Q3,unknown,1,0,parsed
CARTRADE,INE290S01011,FY24,Q4,unknown,1,0,parsed
CARTRADE,INE290S01011,FY25,Q1,unknown,1,0,parsed
CARTRADE,INE290S01011,FY25,Q2,unknown,1,0,parsed
CARTRADE,INE290S01011,FY25,Q3,unknown,1,0,parsed
CASTROLIND,INE172A01027,FY24,Q3,unknown,1,0,parsed
CASTROLIND,INE172A01027,FY24,Q4,unknown,1,0,parsed
CASTROLIND,INE172A01027,FY25,Q1,unknown,1,0,parsed
CASTROLIND,INE172A01027,FY25,Q2,unknown,1,0,parsed
CASTROLIND,INE172A01027,FY25,Q3,unknown,1,0,parsed
CCL,INE421D01022,FY24,Q3,unknown,1,0,parsed
CCL,INE421D01022,FY24,Q4,unknown,1,0,parsed
CCL,INE421D01022,FY25,Q1,unknown,1,0,parsed
CCL,INE421D01022,FY25,Q2,unknown,1,0,parsed
CCL,INE421D01022,FY25,Q3,unknown,1,0,parsed
CDSL,INE736A01011,FY24,Q3,unknown,1,0,parsed
CDSL,INE736A01011,FY24,Q4,unknown,1,0,parsed
CDSL,INE736A01011,FY25,Q1,unknown,1,0,parsed
CDSL,INE736A01011,FY25,Q2,unknown,1,0,parsed
CDSL,INE736A01011,FY25,Q3,unknown,1,0,parsed
CEATLTD,INE482A01020,FY24,Q3,unknown,1,0,parsed
CEATLTD,INE482A01020,FY24,Q4,unknown,1,0,parsed
CEATLTD,INE482A01020,FY25,Q1,unknown,1,0,parsed
CEATLTD,INE482A01020,FY25,Q2,unknown,1,0,parsed
CEATLTD,INE482A01020,FY25,Q3,unknown,1,0,parsed
CEMPRO,INE686A01026,FY24,Q3,unknown,1,0,parsed
CEMPRO,INE686A01026,FY24,Q4,unknown,1,0,parsed
CEMPRO,INE686A01026,FY25,Q1,unknown,1,0,parsed
CEMPRO,INE686A01026,FY25,Q2,unknown,1,0,parsed
CEMPRO,INE686A01026,FY25,Q3,unknown,1,0,parsed
CENTRALBK,INE483A01010,FY24,Q3,unknown,1,0,parsed
CENTRALBK,INE483A01010,FY24,Q4,unknown,1,0,parsed
CENTRALBK,INE483A01010,FY25,Q1,unknown,1,0,parsed
CENTRALBK,INE483A01010,FY25,Q2,unknown,1,0,parsed
CENTRALBK,INE483A01010,FY25,Q3,unknown,1,0,parsed
CESC,INE486A01021,FY24,Q3,unknown,1,0,parsed
CESC,INE486A01021,FY24,Q4,unknown,1,0,parsed
CESC,INE486A01021,FY25,Q1,unknown,1,0,parsed
CESC,INE486A01021,FY25,Q2,unknown,1,0,parsed
CESC,INE486A01021,FY25,Q3,unknown,1,0,parsed
CGCL,INE180C01042,FY24,Q2,unknown,1,0,parsed
CGCL,INE180C01042,FY24,Q4,unknown,1,0,parsed
CGCL,INE180C01042,FY25,Q1,unknown,1,0,parsed
CGCL,INE180C01042,FY25,Q2,unknown,1,0,parsed
CGCL,INE180C01042,FY25,Q3,unknown,1,0,parsed
CGPOWER,INE067A01029,FY25,Q3,unknown,1,0,parsed
CGPOWER,INE067A01029,FY25,Q4,unknown,1,0,parsed
CGPOWER,INE067A01029,FY25,FY,unknown,1,0,parsed
CGPOWER,INE067A01029,FY26,Q3,unknown,1,0,parsed
CHALET,INE427F01016,FY24,Q3,unknown,1,0,parsed
CHALET,INE427F01016,FY24,Q4,unknown,1,0,parsed
CHALET,INE427F01016,FY25,Q1,unknown,1,0,parsed
CHALET,INE427F01016,FY25,Q2,unknown,1,0,parsed
CHALET,INE427F01016,FY25,Q3,unknown,1,0,parsed
CHAMBLFERT,INE085A01013,FY24,Q4,unknown,1,0,parsed
CHAMBLFERT,INE085A01013,FY25,Q1,unknown,1,0,parsed
CHAMBLFERT,INE085A01013,FY25,Q2,unknown,1,0,parsed
CHAMBLFERT,INE085A01013,FY25,Q3,unknown,1,0,parsed
CHENNPETRO,INE178A01016,FY24,Q3,unknown,1,0,parsed
CHENNPETRO,INE178A01016,FY24,Q4,unknown,1,0,parsed
CHENNPETRO,INE178A01016,FY25,Q1,unknown,1,0,parsed
CHENNPETRO,INE178A01016,FY25,Q2,unknown,1,0,parsed
CHENNPETRO,INE178A01016,FY25,Q3,unknown,1,0,parsed
CHOICEIN,INE102B01014,FY24,Q3,unknown,1,0,parsed
CHOICEIN,INE102B01014,FY24,Q4,unknown,1,0,parsed
CHOICEIN,INE102B01014,FY25,Q1,unknown,1,0,parsed
CHOICEIN,INE102B01014,FY25,Q2,unknown,1,0,parsed
CHOICEIN,INE102B01014,FY25,Q3,unknown,1,0,parsed
CHOLAFIN,INE121A01024,FY25,FY,unknown,1,0,parsed
CHOLAFIN,INE121A01024,FY26,FY,unknown,1,0,parsed
CHOLAHLDNG,INE149A01033,FY24,Q3,unknown,1,0,parsed
CHOLAHLDNG,INE149A01033,FY24,Q4,unknown,1,0,parsed
CHOLAHLDNG,INE149A01033,FY25,Q1,unknown,1,0,parsed
CHOLAHLDNG,INE149A01033,FY25,Q2,unknown,1,0,parsed
CHOLAHLDNG,INE149A01033,FY25,Q3,unknown,1,0,parsed
CIEINDIA,INE536H01010,FY24,Q3,unknown,1,0,parsed
CIEINDIA,INE536H01010,FY24,Q4,unknown,1,0,parsed
CIEINDIA,INE536H01010,FY25,Q1,unknown,1,0,parsed
CIEINDIA,INE536H01010,FY25,Q2,unknown,1,0,parsed
CIEINDIA,INE536H01010,FY25,Q3,unknown,1,0,parsed
CIPLA,INE059A01026,FY22,Q1,unknown,0,1,filed_not_parsed
CIPLA,INE059A01026,FY22,Q2,unknown,0,1,filed_not_parsed
CIPLA,INE059A01026,FY22,Q3,unknown,0,1,filed_not_parsed
CIPLA,INE059A01026,FY22,Q4,unknown,0,1,filed_not_parsed
CIPLA,INE059A01026,FY23,Q3,unknown,0,1,filed_not_parsed
CIPLA,INE059A01026,FY23,Q4,Audited,0,1,filed_not_parsed
CIPLA,INE059A01026,FY23,Q4,unknown,0,1,filed_not_parsed
CIPLA,INE059A01026,FY24,Q1,Unaudited,0,1,filed_not_parsed
CIPLA,INE059A01026,FY24,Q1,unknown,0,1,filed_not_parsed
CIPLA,INE059A01026,FY24,Q2,unknown,0,1,filed_not_parsed
CIPLA,INE059A01026,FY24,Q3,unknown,0,1,filed_not_parsed
CIPLA,INE059A01026,FY24,Q4,unknown,0,1,filed_not_parsed
CIPLA,INE059A01026,FY25,Q1,unknown,0,1,filed_not_parsed
CIPLA,INE059A01026,FY25,Q2,unknown,0,1,filed_not_parsed
CIPLA,INE059A01026,FY25,Q3,unknown,0,1,filed_not_parsed
CIPLA,INE059A01026,FY26,Q1,unknown,1,0,parsed
CIPLA,INE059A01026,FY26,Q2,unknown,0,1,filed_not_parsed
CIPLA,INE059A01026,FY26,Q3,unknown,0,1,filed_not_parsed
CIPLA,INE059A01026,FY26,Q4,unknown,0,1,filed_not_parsed
CIPLA,INE059A01026,FY26,FY,unknown,1,0,parsed
CLEAN,INE227W01023,FY24,Q3,unknown,1,0,parsed
CLEAN,INE227W01023,FY24,Q4,unknown,1,0,parsed
CLEAN,INE227W01023,FY25,Q1,unknown,1,0,parsed
CLEAN,INE227W01023,FY25,Q2,unknown,1,0,parsed
CLEAN,INE227W01023,FY25,Q3,unknown,1,0,parsed
COALINDIA,INE522F01014,FY22,Q1,unknown,0,1,filed_not_parsed
COALINDIA,INE522F01014,FY22,Q2,unknown,0,1,filed_not_parsed
COALINDIA,INE522F01014,FY22,Q3,unknown,0,1,filed_not_parsed
COALINDIA,INE522F01014,FY22,Q4,unknown,0,2,filed_not_parsed
COALINDIA,INE522F01014,FY23,Q1,Audited,0,1,filed_not_parsed
COALINDIA,INE522F01014,FY23,Q2,Audited,0,1,filed_not_parsed
COALINDIA,INE522F01014,FY23,Q2,Unaudited,0,1,filed_not_parsed
COALINDIA,INE522F01014,FY23,Q3,unknown,0,1,filed_not_parsed
COALINDIA,INE522F01014,FY23,Q4,unknown,0,1,filed_not_parsed
COALINDIA,INE522F01014,FY24,Q1,unknown,0,1,filed_not_parsed
COALINDIA,INE522F01014,FY24,Q2,unknown,0,1,filed_not_parsed
COALINDIA,INE522F01014,FY24,Q3,unknown,0,1,filed_not_parsed
COALINDIA,INE522F01014,FY24,Q4,unknown,0,1,filed_not_parsed
COALINDIA,INE522F01014,FY25,Q1,unknown,0,1,filed_not_parsed
COALINDIA,INE522F01014,FY25,Q2,unknown,0,1,filed_not_parsed
COALINDIA,INE522F01014,FY25,Q3,unknown,1,1,parsed
COALINDIA,INE522F01014,FY25,Q4,unknown,1,0,parsed
COALINDIA,INE522F01014,FY25,FY,unknown,1,0,parsed
COALINDIA,INE522F01014,FY26,Q1,Audited,0,2,filed_not_parsed
COALINDIA,INE522F01014,FY26,Q1,unknown,1,1,parsed
COALINDIA,INE522F01014,FY26,Q2,Audited,0,1,filed_not_parsed
COALINDIA,INE522F01014,FY26,Q4,unknown,1,1,parsed
COALINDIA,INE522F01014,FY26,FY,unknown,1,0,parsed
COHANCE,INE03QK01018,FY24,Q2,unknown,1,0,parsed
COHANCE,INE03QK01018,FY24,Q3,unknown,1,0,parsed
COHANCE,INE03QK01018,FY25,Q1,unknown,1,0,parsed
COHANCE,INE03QK01018,FY25,Q2,unknown,1,0,parsed
COHANCE,INE03QK01018,FY25,Q3,unknown,1,0,parsed
CONCORDBIO,INE338H01029,FY24,Q3,unknown,1,0,parsed
CONCORDBIO,INE338H01029,FY24,Q4,unknown,1,0,parsed
CONCORDBIO,INE338H01029,FY25,Q1,unknown,1,0,parsed
CONCORDBIO,INE338H01029,FY25,Q2,unknown,1,0,parsed
CONCORDBIO,INE338H01029,FY25,Q3,unknown,1,0,parsed
CRAFTSMAN,INE00LO01017,FY24,Q3,unknown,1,0,parsed
CRAFTSMAN,INE00LO01017,FY24,Q4,unknown,1,0,parsed
CRAFTSMAN,INE00LO01017,FY25,Q1,unknown,1,0,parsed
CRAFTSMAN,INE00LO01017,FY25,Q2,unknown,1,0,parsed
CRAFTSMAN,INE00LO01017,FY25,Q3,unknown,1,0,parsed
CROMPTON,INE299U01018,FY24,Q3,unknown,1,0,parsed
CROMPTON,INE299U01018,FY24,Q4,unknown,1,0,parsed
CROMPTON,INE299U01018,FY25,Q1,unknown,1,0,parsed
CROMPTON,INE299U01018,FY25,Q2,unknown,1,0,parsed
CROMPTON,INE299U01018,FY25,Q3,unknown,1,0,parsed
CUB,INE491A01021,FY24,Q3,unknown,1,0,parsed
CUB,INE491A01021,FY24,Q4,unknown,1,0,parsed
CUB,INE491A01021,FY25,Q1,unknown,1,0,parsed
CUB,INE491A01021,FY25,Q2,unknown,1,0,parsed
CUB,INE491A01021,FY25,Q3,unknown,1,0,parsed
CUMMINSIND,INE298A01020,FY24,Q3,unknown,1,0,parsed
CUMMINSIND,INE298A01020,FY24,Q4,unknown,1,0,parsed
CUMMINSIND,INE298A01020,FY25,Q1,unknown,1,0,parsed
CUMMINSIND,INE298A01020,FY25,Q2,unknown,1,0,parsed
CUMMINSIND,INE298A01020,FY25,Q3,unknown,1,0,parsed
CYIENT,INE136B01020,FY24,Q3,unknown,1,0,parsed
CYIENT,INE136B01020,FY24,Q4,unknown,1,0,parsed
CYIENT,INE136B01020,FY25,Q1,unknown,1,0,parsed
CYIENT,INE136B01020,FY25,Q2,unknown,1,0,parsed
CYIENT,INE136B01020,FY25,Q3,unknown,1,0,parsed
DATAPATTNS,INE0IX101010,FY24,Q3,unknown,1,0,parsed
DATAPATTNS,INE0IX101010,FY24,Q4,unknown,1,0,parsed
DATAPATTNS,INE0IX101010,FY25,Q1,unknown,1,0,parsed
DATAPATTNS,INE0IX101010,FY25,Q2,unknown,1,0,parsed
DATAPATTNS,INE0IX101010,FY25,Q3,unknown,1,0,parsed
DCMSHRIRAM,INE499A01024,FY24,Q3,unknown,1,0,parsed
DCMSHRIRAM,INE499A01024,FY24,Q4,unknown,1,0,parsed
DCMSHRIRAM,INE499A01024,FY25,Q1,unknown,1,0,parsed
DCMSHRIRAM,INE499A01024,FY25,Q2,unknown,1,0,parsed
DCMSHRIRAM,INE499A01024,FY25,Q3,unknown,1,0,parsed
DEEPAKFERT,INE501A01019,FY24,Q3,unknown,1,0,parsed
DEEPAKFERT,INE501A01019,FY24,Q4,unknown,1,0,parsed
DEEPAKFERT,INE501A01019,FY25,Q1,unknown,1,0,parsed
DEEPAKFERT,INE501A01019,FY25,Q2,unknown,1,0,parsed
DEEPAKFERT,INE501A01019,FY25,Q3,unknown,1,0,parsed
DEEPAKNTR,INE288B01029,FY24,Q3,unknown,1,0,parsed
DEEPAKNTR,INE288B01029,FY24,Q4,unknown,1,0,parsed
DEEPAKNTR,INE288B01029,FY25,Q1,unknown,1,0,parsed
DEEPAKNTR,INE288B01029,FY25,Q2,unknown,1,0,parsed
DEEPAKNTR,INE288B01029,FY25,Q3,unknown,1,0,parsed
DELHIVERY,INE148O01028,FY24,Q3,unknown,1,0,parsed
DELHIVERY,INE148O01028,FY24,Q4,unknown,1,0,parsed
DELHIVERY,INE148O01028,FY25,Q1,unknown,1,0,parsed
DELHIVERY,INE148O01028,FY25,Q2,unknown,1,0,parsed
DELHIVERY,INE148O01028,FY25,Q3,unknown,1,0,parsed
DEVYANI,INE872J01023,FY24,Q3,unknown,1,0,parsed
DEVYANI,INE872J01023,FY24,Q4,unknown,1,0,parsed
DEVYANI,INE872J01023,FY25,Q1,unknown,1,0,parsed
DEVYANI,INE872J01023,FY25,Q2,unknown,1,0,parsed
DEVYANI,INE872J01023,FY25,Q3,unknown,1,0,parsed
DIVISLAB,INE361B01024,FY25,Q1,unknown,1,0,parsed
DIVISLAB,INE361B01024,FY25,Q4,unknown,1,0,parsed
DIVISLAB,INE361B01024,FY26,Q1,unknown,1,0,parsed
DIVISLAB,INE361B01024,FY26,Q4,unknown,1,0,parsed
DIXON,INE935N01020,FY26,FY,unknown,1,0,parsed
DLF,INE271C01023,FY24,Q3,unknown,1,0,parsed
DLF,INE271C01023,FY24,Q4,unknown,1,0,parsed
DLF,INE271C01023,FY25,Q1,unknown,1,0,parsed
DLF,INE271C01023,FY25,Q2,unknown,1,0,parsed
DLF,INE271C01023,FY25,Q3,unknown,1,0,parsed
DMART,INE192R01011,FY24,Q3,unknown,1,0,parsed
DMART,INE192R01011,FY24,Q4,unknown,1,0,parsed
DMART,INE192R01011,FY25,Q1,unknown,1,0,parsed
DMART,INE192R01011,FY25,Q2,unknown,1,0,parsed
DMART,INE192R01011,FY25,Q3,unknown,1,0,parsed
DOMS,INE321T01012,FY24,Q3,unknown,1,0,parsed
DOMS,INE321T01012,FY24,Q4,unknown,1,0,parsed
DOMS,INE321T01012,FY25,Q1,unknown,1,0,parsed
DOMS,INE321T01012,FY25,Q2,unknown,1,0,parsed
DOMS,INE321T01012,FY25,Q3,unknown,1,0,parsed
DRREDDY,INE089A01031,FY22,Q1,Unaudited,1,0,parsed
DRREDDY,INE089A01031,FY22,Q1,unknown,0,1,filed_not_parsed
DRREDDY,INE089A01031,FY22,Q2,Unaudited,1,0,parsed
DRREDDY,INE089A01031,FY22,Q2,unknown,0,1,filed_not_parsed
DRREDDY,INE089A01031,FY22,Q3,Unaudited,1,0,parsed
DRREDDY,INE089A01031,FY22,Q3,unknown,0,1,filed_not_parsed
DRREDDY,INE089A01031,FY22,Q4,Audited,1,0,parsed
DRREDDY,INE089A01031,FY22,Q4,unknown,0,1,filed_not_parsed
DRREDDY,INE089A01031,FY22,FY,Unaudited,1,0,parsed
DRREDDY,INE089A01031,FY23,Q1,Unaudited,1,1,parsed
DRREDDY,INE089A01031,FY23,Q2,Unaudited,1,1,parsed
DRREDDY,INE089A01031,FY23,Q3,Audited,1,0,parsed
DRREDDY,INE089A01031,FY23,Q3,unknown,0,1,filed_not_parsed
DRREDDY,INE089A01031,FY23,Q4,Audited,1,0,parsed
DRREDDY,INE089A01031,FY23,Q4,unknown,0,1,filed_not_parsed
DRREDDY,INE089A01031,FY23,FY,Audited,1,0,parsed
DRREDDY,INE089A01031,FY24,Q1,Audited,0,1,filed_not_parsed
DRREDDY,INE089A01031,FY24,Q1,Unaudited,1,1,parsed
DRREDDY,INE089A01031,FY24,Q1,unknown,0,1,filed_not_parsed
DRREDDY,INE089A01031,FY24,Q2,Unaudited,1,1,parsed
DRREDDY,INE089A01031,FY24,Q2,unknown,0,1,filed_not_parsed
DRREDDY,INE089A01031,FY24,Q3,Audited,1,0,parsed
DRREDDY,INE089A01031,FY24,Q3,unknown,0,1,filed_not_parsed
DRREDDY,INE089A01031,FY24,Q4,Audited,1,0,parsed
DRREDDY,INE089A01031,FY24,Q4,unknown,0,1,filed_not_parsed
DRREDDY,INE089A01031,FY24,FY,Audited,1,0,parsed
DRREDDY,INE089A01031,FY25,Q1,Audited,0,1,filed_not_parsed
DRREDDY,INE089A01031,FY25,Q1,unknown,1,1,parsed
DRREDDY,INE089A01031,FY25,Q2,unknown,1,1,parsed
DRREDDY,INE089A01031,FY25,Q3,Unaudited,1,0,parsed
DRREDDY,INE089A01031,FY25,Q3,unknown,0,1,filed_not_parsed
DRREDDY,INE089A01031,FY25,Q4,unknown,1,0,parsed
DRREDDY,INE089A01031,FY25,FY,Unaudited,1,0,parsed
DRREDDY,INE089A01031,FY26,Q1,unknown,1,0,parsed
DRREDDY,INE089A01031,FY26,Q2,unknown,1,1,parsed
DRREDDY,INE089A01031,FY26,Q3,Unaudited,1,0,parsed
DRREDDY,INE089A01031,FY26,Q4,unknown,1,1,parsed
DRREDDY,INE089A01031,FY26,FY,unknown,1,0,parsed
ECLERX,INE738I01010,FY24,Q3,unknown,1,0,parsed
ECLERX,INE738I01010,FY24,Q4,unknown,1,0,parsed
ECLERX,INE738I01010,FY25,Q1,unknown,1,0,parsed
ECLERX,INE738I01010,FY25,Q2,unknown,1,0,parsed
ECLERX,INE738I01010,FY25,Q3,unknown,1,0,parsed
EICHERMOT,INE066A01021,FY22,Q1,unknown,1,1,parsed
EICHERMOT,INE066A01021,FY22,Q2,unknown,2,1,parsed
EICHERMOT,INE066A01021,FY22,Q3,unknown,1,2,parsed
EICHERMOT,INE066A01021,FY22,Q4,unknown,1,3,parsed
EICHERMOT,INE066A01021,FY22,FY,unknown,1,0,parsed
EICHERMOT,INE066A01021,FY23,Q1,unknown,1,1,parsed
EICHERMOT,INE066A01021,FY23,Q2,unknown,2,1,parsed
EICHERMOT,INE066A01021,FY23,Q3,unknown,1,1,parsed
EICHERMOT,INE066A01021,FY23,Q4,Audited,1,0,parsed
EICHERMOT,INE066A01021,FY23,Q4,unknown,0,1,filed_not_parsed
EICHERMOT,INE066A01021,FY23,FY,Audited,1,0,parsed
EICHERMOT,INE066A01021,FY24,Q1,unknown,1,1,parsed
EICHERMOT,INE066A01021,FY24,Q2,unknown,1,2,parsed
EICHERMOT,INE066A01021,FY24,Q3,Audited,1,0,parsed
EICHERMOT,INE066A01021,FY24,Q3,unknown,0,1,filed_not_parsed
EICHERMOT,INE066A01021,FY24,Q4,Audited,1,0,parsed
EICHERMOT,INE066A01021,FY24,Q4,unknown,0,2,filed_not_parsed
EICHERMOT,INE066A01021,FY24,FY,Audited,1,0,parsed
EICHERMOT,INE066A01021,FY25,Q1,Unaudited,1,0,parsed
EICHERMOT,INE066A01021,FY25,Q1,unknown,0,1,filed_not_parsed
EICHERMOT,INE066A01021,FY25,Q2,unknown,1,2,parsed
EICHERMOT,INE066A01021,FY25,Q3,unknown,1,2,parsed
EICHERMOT,INE066A01021,FY25,Q4,Unaudited,1,0,parsed
EICHERMOT,INE066A01021,FY25,Q4,unknown,0,1,filed_not_parsed
EICHERMOT,INE066A01021,FY25,FY,Unaudited,1,0,parsed
EICHERMOT,INE066A01021,FY26,Q1,Unaudited,1,0,parsed
EICHERMOT,INE066A01021,FY26,Q2,Unaudited,0,1,filed_not_parsed
EICHERMOT,INE066A01021,FY26,Q2,unknown,1,2,parsed
EICHERMOT,INE066A01021,FY26,Q3,unknown,1,2,parsed
EICHERMOT,INE066A01021,FY26,Q4,unknown,1,2,parsed
EICHERMOT,INE066A01021,FY26,FY,unknown,1,0,parsed
EIDPARRY,INE126A01031,FY24,Q3,unknown,1,0,parsed
EIDPARRY,INE126A01031,FY24,Q4,unknown,1,0,parsed
EIDPARRY,INE126A01031,FY25,Q1,unknown,1,0,parsed
EIDPARRY,INE126A01031,FY25,Q2,unknown,1,0,parsed
EIDPARRY,INE126A01031,FY25,Q3,unknown,1,0,parsed
EIHOTEL,INE230A01023,FY24,Q3,unknown,1,0,parsed
EIHOTEL,INE230A01023,FY24,Q4,unknown,1,0,parsed
EIHOTEL,INE230A01023,FY25,Q1,unknown,1,0,parsed
EIHOTEL,INE230A01023,FY25,Q2,unknown,1,0,parsed
EIHOTEL,INE230A01023,FY25,Q3,unknown,1,0,parsed
ELECON,INE205B01031,FY24,Q3,unknown,1,0,parsed
ELECON,INE205B01031,FY24,Q4,unknown,1,0,parsed
ELECON,INE205B01031,FY25,Q1,unknown,1,0,parsed
ELECON,INE205B01031,FY25,Q2,unknown,1,0,parsed
ELECON,INE205B01031,FY25,Q3,unknown,1,0,parsed
ELGIEQUIP,INE285A01027,FY24,Q3,unknown,1,0,parsed
ELGIEQUIP,INE285A01027,FY24,Q4,unknown,1,0,parsed
ELGIEQUIP,INE285A01027,FY25,Q1,unknown,1,0,parsed
ELGIEQUIP,INE285A01027,FY25,Q2,unknown,1,0,parsed
ELGIEQUIP,INE285A01027,FY25,Q3,unknown,1,0,parsed
EMAMILTD,INE548C01032,FY24,Q3,unknown,1,0,parsed
EMAMILTD,INE548C01032,FY24,Q4,unknown,1,0,parsed
EMAMILTD,INE548C01032,FY25,Q1,unknown,1,0,parsed
EMAMILTD,INE548C01032,FY25,Q2,unknown,1,0,parsed
EMAMILTD,INE548C01032,FY25,Q3,unknown,1,0,parsed
EMCURE,INE168P01015,FY25,Q1,unknown,1,0,parsed
EMCURE,INE168P01015,FY25,Q2,unknown,1,0,parsed
EMCURE,INE168P01015,FY25,Q3,unknown,1,0,parsed
ENGINERSIN,INE510A01028,FY24,Q3,unknown,1,0,parsed
ENGINERSIN,INE510A01028,FY24,Q4,unknown,1,0,parsed
ENGINERSIN,INE510A01028,FY25,Q1,unknown,1,0,parsed
ENGINERSIN,INE510A01028,FY25,Q2,unknown,1,0,parsed
ENGINERSIN,INE510A01028,FY25,Q3,unknown,1,0,parsed
ERIS,INE406M01024,FY24,Q3,unknown,1,0,parsed
ERIS,INE406M01024,FY24,Q4,unknown,1,0,parsed
ERIS,INE406M01024,FY25,Q1,unknown,1,0,parsed
ERIS,INE406M01024,FY25,Q2,unknown,1,0,parsed
ERIS,INE406M01024,FY25,Q3,unknown,1,0,parsed
ETERNAL,INE758T01015,FY22,Q1,unknown,1,1,parsed
ETERNAL,INE758T01015,FY22,Q2,unknown,1,1,parsed
ETERNAL,INE758T01015,FY22,Q3,unknown,1,1,parsed
ETERNAL,INE758T01015,FY22,Q4,unknown,1,1,parsed
ETERNAL,INE758T01015,FY22,FY,Unaudited,1,0,parsed
ETERNAL,INE758T01015,FY23,Q1,Audited,1,0,parsed
ETERNAL,INE758T01015,FY23,Q1,unknown,0,3,filed_not_parsed
ETERNAL,INE758T01015,FY23,Q2,Unaudited,1,0,parsed
ETERNAL,INE758T01015,FY23,Q3,Unaudited,0,1,filed_not_parsed
ETERNAL,INE758T01015,FY23,Q3,unknown,1,1,parsed
ETERNAL,INE758T01015,FY23,Q4,Audited,1,0,parsed
ETERNAL,INE758T01015,FY23,Q4,unknown,0,1,filed_not_parsed
ETERNAL,INE758T01015,FY23,FY,Audited,1,0,parsed
ETERNAL,INE758T01015,FY24,Q1,Audited,1,1,parsed
ETERNAL,INE758T01015,FY24,Q1,unknown,0,2,filed_not_parsed
ETERNAL,INE758T01015,FY24,Q2,unknown,1,2,parsed
ETERNAL,INE758T01015,FY24,Q3,unknown,1,1,parsed
ETERNAL,INE758T01015,FY24,Q4,Audited,1,0,parsed
ETERNAL,INE758T01015,FY24,Q4,unknown,0,1,filed_not_parsed
ETERNAL,INE758T01015,FY24,FY,Audited,1,0,parsed
ETERNAL,INE758T01015,FY25,Q1,Audited,1,1,parsed
ETERNAL,INE758T01015,FY25,Q1,unknown,0,2,filed_not_parsed
ETERNAL,INE758T01015,FY25,Q2,unknown,1,2,parsed
ETERNAL,INE758T01015,FY25,Q3,unknown,1,1,parsed
ETERNAL,INE758T01015,FY26,Q1,unknown,0,1,filed_not_parsed
ETERNAL,INE758T01015,FY26,Q2,Unaudited,0,1,filed_not_parsed
FACT,INE188A01015,FY24,Q3,unknown,1,0,parsed
FACT,INE188A01015,FY24,Q4,unknown,1,0,parsed
FACT,INE188A01015,FY25,Q1,unknown,1,0,parsed
FACT,INE188A01015,FY25,Q2,unknown,1,0,parsed
FACT,INE188A01015,FY25,Q3,unknown,1,0,parsed
FEDERALBNK,INE171A01029,FY25,Q4,unknown,1,0,parsed
FEDERALBNK,INE171A01029,FY26,Q4,unknown,1,0,parsed
FINCABLES,INE235A01022,FY24,Q4,unknown,1,0,parsed
FINCABLES,INE235A01022,FY25,Q1,unknown,1,0,parsed
FINCABLES,INE235A01022,FY25,Q2,unknown,1,0,parsed
FINCABLES,INE235A01022,FY25,Q3,unknown,1,0,parsed
FIVESTAR,INE128S01021,FY24,Q3,unknown,1,0,parsed
FIVESTAR,INE128S01021,FY24,Q4,unknown,1,0,parsed
FIVESTAR,INE128S01021,FY25,Q1,unknown,1,0,parsed
FIVESTAR,INE128S01021,FY25,Q2,unknown,1,0,parsed
FIVESTAR,INE128S01021,FY25,Q3,unknown,1,0,parsed
FSL,INE684F01012,FY24,Q3,unknown,1,0,parsed
FSL,INE684F01012,FY24,Q4,unknown,1,0,parsed
FSL,INE684F01012,FY25,Q1,unknown,1,0,parsed
FSL,INE684F01012,FY25,Q2,unknown,1,0,parsed
FSL,INE684F01012,FY25,Q3,unknown,1,0,parsed
GABRIEL,INE524A01029,FY24,Q3,unknown,1,0,parsed
GABRIEL,INE524A01029,FY24,Q4,unknown,1,0,parsed
GABRIEL,INE524A01029,FY25,Q1,unknown,1,0,parsed
GABRIEL,INE524A01029,FY25,Q2,unknown,1,0,parsed
GABRIEL,INE524A01029,FY25,Q3,unknown,1,0,parsed
GAIL,INE129A01019,FY24,Q4,unknown,1,0,parsed
GAIL,INE129A01019,FY25,Q1,unknown,1,0,parsed
GAIL,INE129A01019,FY25,Q2,unknown,1,0,parsed
GAIL,INE129A01019,FY25,Q3,unknown,1,0,parsed
GALLANTT,INE297H01019,FY24,Q3,unknown,1,0,parsed
GALLANTT,INE297H01019,FY24,Q4,unknown,1,0,parsed
GALLANTT,INE297H01019,FY25,Q1,unknown,1,0,parsed
GALLANTT,INE297H01019,FY25,Q2,unknown,1,0,parsed
GALLANTT,INE297H01019,FY25,Q3,unknown,1,0,parsed
GESHIP,INE017A01032,FY24,Q3,unknown,1,0,parsed
GESHIP,INE017A01032,FY24,Q4,unknown,1,0,parsed
GESHIP,INE017A01032,FY25,Q1,unknown,1,0,parsed
GESHIP,INE017A01032,FY25,Q2,unknown,1,0,parsed
GESHIP,INE017A01032,FY25,Q3,unknown,1,0,parsed
GILLETTE,INE322A01010,FY24,Q3,unknown,1,0,parsed
GILLETTE,INE322A01010,FY24,Q4,unknown,1,0,parsed
GILLETTE,INE322A01010,FY25,Q1,unknown,1,0,parsed
GILLETTE,INE322A01010,FY25,Q2,unknown,1,0,parsed
GILLETTE,INE322A01010,FY25,Q3,unknown,1,0,parsed
GLAND,INE068V01023,FY24,Q3,unknown,1,0,parsed
GLAND,INE068V01023,FY24,Q4,unknown,1,0,parsed
GLAND,INE068V01023,FY25,Q1,unknown,1,0,parsed
GLAND,INE068V01023,FY25,Q2,unknown,1,0,parsed
GLAND,INE068V01023,FY25,Q3,unknown,1,0,parsed
GMDCLTD,INE131A01031,FY24,Q3,unknown,1,0,parsed
GMDCLTD,INE131A01031,FY24,Q4,unknown,1,0,parsed
GMDCLTD,INE131A01031,FY25,Q1,unknown,1,0,parsed
GMDCLTD,INE131A01031,FY25,Q2,unknown,1,0,parsed
GMDCLTD,INE131A01031,FY25,Q3,unknown,1,0,parsed
GODREJCP,INE102D01028,FY24,Q3,unknown,1,0,parsed
GODREJCP,INE102D01028,FY24,Q4,unknown,1,0,parsed
GODREJCP,INE102D01028,FY25,Q1,unknown,1,0,parsed
GODREJCP,INE102D01028,FY25,Q2,unknown,1,0,parsed
GODREJCP,INE102D01028,FY25,Q3,unknown,1,0,parsed
GPIL,INE177H01039,FY24,Q3,unknown,1,0,parsed
GPIL,INE177H01039,FY24,Q4,unknown,1,0,parsed
GPIL,INE177H01039,FY25,Q1,unknown,1,0,parsed
GPIL,INE177H01039,FY25,Q2,unknown,1,0,parsed
GPIL,INE177H01039,FY25,Q3,unknown,1,0,parsed
GRANULES,INE101D01020,FY24,Q3,unknown,1,0,parsed
GRANULES,INE101D01020,FY24,Q4,unknown,1,0,parsed
GRANULES,INE101D01020,FY25,Q1,unknown,1,0,parsed
GRANULES,INE101D01020,FY25,Q2,unknown,1,0,parsed
GRANULES,INE101D01020,FY25,Q3,unknown,1,0,parsed
GRAPHITE,INE371A01025,FY24,Q3,unknown,1,0,parsed
GRAPHITE,INE371A01025,FY24,Q4,unknown,1,0,parsed
GRAPHITE,INE371A01025,FY25,Q1,unknown,1,0,parsed
GRAPHITE,INE371A01025,FY25,Q2,unknown,1,0,parsed
GRAPHITE,INE371A01025,FY25,Q3,unknown,1,0,parsed
GRASIM,INE047A01021,FY22,Q1,Unaudited,1,0,parsed
GRASIM,INE047A01021,FY22,Q1,unknown,0,1,filed_not_parsed
GRASIM,INE047A01021,FY22,Q2,unknown,1,1,parsed
GRASIM,INE047A01021,FY22,Q3,unknown,1,1,parsed
GRASIM,INE047A01021,FY22,Q4,Unaudited,1,0,parsed
GRASIM,INE047A01021,FY22,Q4,unknown,0,2,filed_not_parsed
GRASIM,INE047A01021,FY22,FY,Unaudited,1,0,parsed
GRASIM,INE047A01021,FY23,Q1,Unaudited,1,2,parsed
GRASIM,INE047A01021,FY23,Q2,unknown,1,0,parsed
GRASIM,INE047A01021,FY23,Q3,unknown,1,1,parsed
GRASIM,INE047A01021,FY23,Q4,Unaudited,0,1,filed_not_parsed
GRASIM,INE047A01021,FY23,Q4,unknown,1,1,parsed
GRASIM,INE047A01021,FY24,Q1,unknown,1,1,parsed
GRASIM,INE047A01021,FY24,Q2,Unaudited,1,2,parsed
GRASIM,INE047A01021,FY24,Q2,unknown,0,1,filed_not_parsed
GRASIM,INE047A01021,FY24,Q3,unknown,1,1,parsed
GRASIM,INE047A01021,FY24,Q4,Audited,1,0,parsed
GRASIM,INE047A01021,FY24,Q4,unknown,0,1,filed_not_parsed
GRASIM,INE047A01021,FY24,FY,Audited,1,2,parsed
GRASIM,INE047A01021,FY25,Q1,Unaudited,1,2,parsed
GRASIM,INE047A01021,FY25,Q1,unknown,0,2,filed_not_parsed
GRASIM,INE047A01021,FY25,Q2,Unaudited,1,0,parsed
GRASIM,INE047A01021,FY25,Q2,unknown,0,1,filed_not_parsed
GRASIM,INE047A01021,FY25,Q3,Audited,1,0,parsed
GRASIM,INE047A01021,FY25,Q3,unknown,0,1,filed_not_parsed
GRASIM,INE047A01021,FY25,Q4,Audited,1,0,parsed
GRASIM,INE047A01021,FY25,FY,Audited,1,2,parsed
GRASIM,INE047A01021,FY26,Q1,Unaudited,1,2,parsed
GRASIM,INE047A01021,FY26,Q2,Unaudited,1,0,parsed
GRASIM,INE047A01021,FY26,Q3,Audited,1,0,parsed
GRASIM,INE047A01021,FY26,Q4,Audited,1,0,parsed
GRASIM,INE047A01021,FY26,FY,Audited,1,2,parsed
GRAVITA,INE024L01027,FY24,Q3,unknown,1,0,parsed
GRAVITA,INE024L01027,FY24,Q4,unknown,1,0,parsed
GRAVITA,INE024L01027,FY25,Q1,unknown,1,0,parsed
GRAVITA,INE024L01027,FY25,Q2,unknown,1,0,parsed
GRAVITA,INE024L01027,FY25,Q3,unknown,1,0,parsed
GRSE,INE382Z01011,FY24,Q4,unknown,1,0,parsed
GRSE,INE382Z01011,FY25,Q1,unknown,1,0,parsed
GRSE,INE382Z01011,FY25,Q2,unknown,1,0,parsed
GRSE,INE382Z01011,FY25,Q3,unknown,1,0,parsed
GVT&D,INE200A01026,FY24,FY,unknown,1,0,parsed
GVT&D,INE200A01026,FY25,Q1,unknown,1,0,parsed
GVT&D,INE200A01026,FY25,Q4,unknown,1,0,parsed
GVT&D,INE200A01026,FY25,FY,unknown,1,0,parsed
GVT&D,INE200A01026,FY26,Q1,unknown,1,0,parsed
HAL,INE066F01020,FY26,Q3,unknown,1,0,parsed
HBLENGINE,INE292B01021,FY24,Q3,unknown,1,0,parsed
HBLENGINE,INE292B01021,FY24,Q4,unknown,1,0,parsed
HBLENGINE,INE292B01021,FY25,Q1,unknown,1,0,parsed
HBLENGINE,INE292B01021,FY25,Q2,unknown,1,0,parsed
HBLENGINE,INE292B01021,FY25,Q3,unknown,1,0,parsed
HCLTECH,INE860A01027,FY22,Q1,unknown,1,1,parsed
HCLTECH,INE860A01027,FY22,Q2,unknown,1,1,parsed
HCLTECH,INE860A01027,FY22,Q3,unknown,1,1,parsed
HCLTECH,INE860A01027,FY22,Q4,unknown,1,1,parsed
HCLTECH,INE860A01027,FY22,FY,unknown,1,0,parsed
HCLTECH,INE860A01027,FY23,Q1,unknown,1,3,parsed
HCLTECH,INE860A01027,FY23,Q2,unknown,1,1,parsed
HCLTECH,INE860A01027,FY23,Q3,unknown,1,1,parsed
HCLTECH,INE860A01027,FY23,Q4,unknown,1,1,parsed
HCLTECH,INE860A01027,FY23,FY,unknown,1,0,parsed
HCLTECH,INE860A01027,FY24,Q1,unknown,1,1,parsed
HCLTECH,INE860A01027,FY24,Q2,unknown,1,1,parsed
HCLTECH,INE860A01027,FY24,Q3,unknown,1,1,parsed
HCLTECH,INE860A01027,FY24,Q4,unknown,1,1,parsed
HCLTECH,INE860A01027,FY24,FY,unknown,1,0,parsed
HCLTECH,INE860A01027,FY25,Q1,unknown,1,1,parsed
HCLTECH,INE860A01027,FY25,Q2,unknown,1,1,parsed
HCLTECH,INE860A01027,FY25,Q3,unknown,1,1,parsed
HCLTECH,INE860A01027,FY25,Q4,unknown,1,0,parsed
HCLTECH,INE860A01027,FY25,FY,unknown,1,0,parsed
HCLTECH,INE860A01027,FY26,Q1,unknown,1,0,parsed
HCLTECH,INE860A01027,FY26,Q2,unknown,1,1,parsed
HCLTECH,INE860A01027,FY26,Q3,unknown,1,1,parsed
HCLTECH,INE860A01027,FY26,Q4,unknown,1,1,parsed
HCLTECH,INE860A01027,FY26,FY,unknown,1,0,parsed
HDFCAMC,INE127D01025,FY24,Q3,unknown,1,0,parsed
HDFCAMC,INE127D01025,FY24,Q4,unknown,1,0,parsed
HDFCAMC,INE127D01025,FY25,Q1,unknown,1,0,parsed
HDFCAMC,INE127D01025,FY25,Q2,unknown,1,0,parsed
HDFCAMC,INE127D01025,FY25,Q3,unknown,1,0,parsed
HDFCBANK,INE040A01034,FY22,Q1,Audited,1,1,parsed
HDFCBANK,INE040A01034,FY22,Q2,Audited,1,1,parsed
HDFCBANK,INE040A01034,FY22,Q3,Audited,1,0,parsed
HDFCBANK,INE040A01034,FY22,Q4,Audited,1,1,parsed
HDFCBANK,INE040A01034,FY22,FY,Audited,1,0,parsed
HDFCBANK,INE040A01034,FY23,Q2,Audited,1,0,parsed
HDFCBANK,INE040A01034,FY23,Q3,Audited,1,1,parsed
HDFCBANK,INE040A01034,FY23,Q4,Audited,1,1,parsed
HDFCBANK,INE040A01034,FY23,FY,Audited,1,0,parsed
HDFCBANK,INE040A01034,FY24,Q1,Unaudited,0,1,filed_not_parsed
HDFCBANK,INE040A01034,FY24,Q2,Unaudited,1,1,parsed
HDFCBANK,INE040A01034,FY24,Q3,Unaudited,1,2,parsed
HDFCBANK,INE040A01034,FY24,Q4,Audited,0,1,filed_not_parsed
HDFCBANK,INE040A01034,FY24,Q4,Unaudited,1,0,parsed
HDFCBANK,INE040A01034,FY24,FY,Audited,0,1,filed_not_parsed
HDFCBANK,INE040A01034,FY24,FY,Unaudited,1,0,parsed
HDFCBANK,INE040A01034,FY25,Q1,Audited,0,1,filed_not_parsed
HDFCBANK,INE040A01034,FY25,Q1,Unaudited,1,2,parsed
HDFCBANK,INE040A01034,FY25,Q2,Unaudited,1,3,parsed
HDFCBANK,INE040A01034,FY25,Q3,Unaudited,1,2,parsed
HDFCBANK,INE040A01034,FY25,Q4,Unaudited,0,1,filed_not_parsed
HDFCBANK,INE040A01034,FY26,Q2,Unaudited,0,1,filed_not_parsed
HDFCBANK,INE040A01034,FY26,Q3,Unaudited,0,1,filed_not_parsed
HDFCBANK,INE040A01034,FY26,Q4,Audited,0,1,filed_not_parsed
HDFCLIFE,INE795G01014,FY22,Q1,unknown,1,1,parsed
HDFCLIFE,INE795G01014,FY22,Q2,unknown,1,1,parsed
HDFCLIFE,INE795G01014,FY22,Q3,unknown,1,1,parsed
HDFCLIFE,INE795G01014,FY22,Q4,unknown,1,1,parsed
HDFCLIFE,INE795G01014,FY22,FY,unknown,1,0,parsed
HDFCLIFE,INE795G01014,FY23,Q2,unknown,1,0,parsed
HDFCLIFE,INE795G01014,FY23,Q3,unknown,1,1,parsed
HDFCLIFE,INE795G01014,FY23,Q4,unknown,1,1,parsed
HDFCLIFE,INE795G01014,FY23,FY,unknown,1,0,parsed
HDFCLIFE,INE795G01014,FY24,Q1,unknown,1,1,parsed
HDFCLIFE,INE795G01014,FY24,Q2,unknown,1,2,parsed
HDFCLIFE,INE795G01014,FY24,Q3,unknown,1,1,parsed
HDFCLIFE,INE795G01014,FY24,Q4,unknown,1,1,parsed
HDFCLIFE,INE795G01014,FY24,FY,unknown,1,0,parsed
HDFCLIFE,INE795G01014,FY25,Q1,unknown,1,1,parsed
HDFCLIFE,INE795G01014,FY25,Q2,unknown,1,1,parsed
HDFCLIFE,INE795G01014,FY25,Q3,unknown,1,1,parsed
HDFCLIFE,INE795G01014,FY25,Q4,unknown,1,0,parsed
HDFCLIFE,INE795G01014,FY25,FY,unknown,1,0,parsed
HDFCLIFE,INE795G01014,FY26,Q1,unknown,1,0,parsed
HDFCLIFE,INE795G01014,FY26,Q2,unknown,1,1,parsed
HDFCLIFE,INE795G01014,FY26,Q3,unknown,1,1,parsed
HDFCLIFE,INE795G01014,FY26,Q4,unknown,1,1,parsed
HDFCLIFE,INE795G01014,FY26,FY,unknown,1,0,parsed
HEG,INE545A01024,FY24,Q3,unknown,1,0,parsed
HEG,INE545A01024,FY24,Q4,unknown,1,0,parsed
HEG,INE545A01024,FY25,Q1,unknown,1,0,parsed
HEG,INE545A01024,FY25,Q2,unknown,1,0,parsed
HEG,INE545A01024,FY25,Q3,unknown,1,0,parsed
HFCL,INE548A01028,FY24,Q3,unknown,1,0,parsed
HFCL,INE548A01028,FY24,Q4,unknown,1,0,parsed
HFCL,INE548A01028,FY25,Q1,unknown,1,0,parsed
HFCL,INE548A01028,FY25,Q2,unknown,1,0,parsed
HFCL,INE548A01028,FY25,Q3,unknown,1,0,parsed
HINDALCO,INE038A01020,FY22,Q1,Unaudited,1,1,parsed
HINDALCO,INE038A01020,FY22,Q2,Unaudited,1,1,parsed
HINDALCO,INE038A01020,FY22,Q3,Audited,1,0,parsed
HINDALCO,INE038A01020,FY22,Q3,Unaudited,0,1,filed_not_parsed
HINDALCO,INE038A01020,FY22,Q4,Audited,1,1,parsed
HINDALCO,INE038A01020,FY22,FY,Audited,1,0,parsed
HINDALCO,INE038A01020,FY23,Q1,unknown,0,1,filed_not_parsed
HINDALCO,INE038A01020,FY23,Q2,Unaudited,1,0,parsed
HINDALCO,INE038A01020,FY23,Q3,Unaudited,1,1,parsed
HINDALCO,INE038A01020,FY23,Q4,Audited,1,1,parsed
HINDALCO,INE038A01020,FY23,FY,Audited,1,0,parsed
HINDALCO,INE038A01020,FY24,Q1,Unaudited,1,0,parsed
HINDALCO,INE038A01020,FY24,Q1,unknown,0,1,filed_not_parsed
HINDALCO,INE038A01020,FY24,Q2,Unaudited,1,1,parsed
HINDALCO,INE038A01020,FY24,Q3,Audited,1,0,parsed
HINDALCO,INE038A01020,FY24,Q3,Unaudited,0,1,filed_not_parsed
HINDALCO,INE038A01020,FY24,Q4,Audited,1,1,parsed
HINDALCO,INE038A01020,FY24,FY,Audited,1,0,parsed
HINDALCO,INE038A01020,FY25,Q1,Unaudited,1,1,parsed
HINDALCO,INE038A01020,FY25,Q2,Unaudited,1,1,parsed
HINDALCO,INE038A01020,FY25,Q3,Unaudited,1,1,parsed
HINDALCO,INE038A01020,FY25,Q4,Audited,1,1,parsed
HINDALCO,INE038A01020,FY25,FY,Audited,1,1,parsed
HINDALCO,INE038A01020,FY25,FY,Unaudited,1,0,parsed
HINDALCO,INE038A01020,FY26,Q1,Unaudited,1,0,parsed
HINDALCO,INE038A01020,FY26,Q2,Unaudited,1,1,parsed
HINDALCO,INE038A01020,FY26,Q3,Audited,1,0,parsed
HINDALCO,INE038A01020,FY26,Q3,Unaudited,0,1,filed_not_parsed
HINDALCO,INE038A01020,FY26,Q4,Audited,1,1,parsed
HINDALCO,INE038A01020,FY26,FY,Audited,1,0,parsed
HINDALCO,INE038A01020,FY26,FY,Unaudited,1,0,parsed
HINDCOPPER,INE531E01026,FY24,Q3,unknown,1,0,parsed
HINDCOPPER,INE531E01026,FY24,Q4,unknown,1,0,parsed
HINDCOPPER,INE531E01026,FY25,Q1,unknown,1,0,parsed
HINDCOPPER,INE531E01026,FY25,Q2,unknown,1,0,parsed
HINDCOPPER,INE531E01026,FY25,Q3,unknown,1,0,parsed
HINDUNILVR,INE030A01027,FY22,Q1,unknown,1,1,parsed
HINDUNILVR,INE030A01027,FY22,Q2,unknown,1,1,parsed
HINDUNILVR,INE030A01027,FY22,Q3,unknown,1,1,parsed
HINDUNILVR,INE030A01027,FY22,Q4,unknown,1,1,parsed
HINDUNILVR,INE030A01027,FY22,FY,unknown,1,0,parsed
HINDUNILVR,INE030A01027,FY23,Q1,unknown,1,0,parsed
HINDUNILVR,INE030A01027,FY23,Q2,unknown,1,0,parsed
HINDUNILVR,INE030A01027,FY23,Q3,unknown,1,1,parsed
HINDUNILVR,INE030A01027,FY23,Q4,unknown,1,1,parsed
HINDUNILVR,INE030A01027,FY23,FY,unknown,1,0,parsed
HINDUNILVR,INE030A01027,FY24,Q1,unknown,1,1,parsed
HINDUNILVR,INE030A01027,FY24,Q2,unknown,1,1,parsed
HINDUNILVR,INE030A01027,FY24,Q3,unknown,1,1,parsed
HINDUNILVR,INE030A01027,FY24,Q4,unknown,1,1,parsed
HINDUNILVR,INE030A01027,FY24,FY,unknown,1,0,parsed
HINDUNILVR,INE030A01027,FY25,Q1,unknown,1,1,parsed
HINDUNILVR,INE030A01027,FY25,Q2,unknown,1,1,parsed
HINDUNILVR,INE030A01027,FY25,Q3,unknown,1,1,parsed
HINDUNILVR,INE030A01027,FY25,Q4,unknown,1,0,parsed
HINDUNILVR,INE030A01027,FY25,FY,unknown,1,0,parsed
HINDUNILVR,INE030A01027,FY26,Q3,unknown,1,0,parsed
HINDUNILVR,INE030A01027,FY26,Q4,unknown,1,1,parsed
HINDUNILVR,INE030A01027,FY26,FY,unknown,1,0,parsed
HINDZINC,INE267A01025,FY24,Q3,unknown,1,0,parsed
HINDZINC,INE267A01025,FY24,Q4,unknown,1,0,parsed
HINDZINC,INE267A01025,FY25,Q1,unknown,1,0,parsed
HINDZINC,INE267A01025,FY25,Q2,unknown,1,0,parsed
HINDZINC,INE267A01025,FY25,Q3,unknown,1,0,parsed
HOMEFIRST,INE481N01025,FY24,Q4,unknown,1,0,parsed
HOMEFIRST,INE481N01025,FY25,Q1,unknown,1,0,parsed
HOMEFIRST,INE481N01025,FY25,Q2,unknown,1,0,parsed
HOMEFIRST,INE481N01025,FY25,Q3,unknown,1,0,parsed
HSCL,INE019C01026,FY24,Q3,unknown,1,0,parsed
HSCL,INE019C01026,FY24,Q4,unknown,1,0,parsed
HSCL,INE019C01026,FY25,Q1,unknown,1,0,parsed
HSCL,INE019C01026,FY25,Q2,unknown,1,0,parsed
HSCL,INE019C01026,FY25,Q3,unknown,1,0,parsed
HYUNDAI,INE0V6F01027,FY25,Q2,unknown,1,0,parsed
HYUNDAI,INE0V6F01027,FY25,Q3,unknown,1,0,parsed
ICICIBANK,INE090A01021,FY22,Q1,Unaudited,1,0,parsed
ICICIBANK,INE090A01021,FY22,Q1,unknown,0,1,filed_not_parsed
ICICIBANK,INE090A01021,FY22,Q2,Unaudited,1,0,parsed
ICICIBANK,INE090A01021,FY22,Q2,unknown,0,1,filed_not_parsed
ICICIBANK,INE090A01021,FY22,Q3,unknown,1,1,parsed
ICICIBANK,INE090A01021,FY22,Q4,Unaudited,1,0,parsed
ICICIBANK,INE090A01021,FY22,Q4,unknown,0,1,filed_not_parsed
ICICIBANK,INE090A01021,FY22,FY,Unaudited,1,0,parsed
ICICIBANK,INE090A01021,FY23,Q1,Unaudited,1,1,parsed
ICICIBANK,INE090A01021,FY23,Q1,unknown,0,1,filed_not_parsed
ICICIBANK,INE090A01021,FY23,Q2,Unaudited,1,1,parsed
ICICIBANK,INE090A01021,FY23,Q3,unknown,1,1,parsed
ICICIBANK,INE090A01021,FY23,Q4,unknown,1,1,parsed
ICICIBANK,INE090A01021,FY23,FY,unknown,1,0,parsed
ICICIBANK,INE090A01021,FY24,Q1,Audited,0,1,filed_not_parsed
ICICIBANK,INE090A01021,FY24,Q1,unknown,1,2,parsed
ICICIBANK,INE090A01021,FY24,Q2,unknown,1,2,parsed
ICICIBANK,INE090A01021,FY24,Q3,unknown,1,1,parsed
ICICIBANK,INE090A01021,FY24,Q4,unknown,1,1,parsed
ICICIBANK,INE090A01021,FY24,FY,unknown,1,0,parsed
ICICIBANK,INE090A01021,FY25,Q1,Unaudited,1,0,parsed
ICICIBANK,INE090A01021,FY25,Q1,unknown,0,3,filed_not_parsed
ICICIBANK,INE090A01021,FY25,Q2,Unaudited,1,0,parsed
ICICIBANK,INE090A01021,FY25,Q2,unknown,0,2,filed_not_parsed
ICICIBANK,INE090A01021,FY25,Q3,Unaudited,1,0,parsed
ICICIBANK,INE090A01021,FY25,Q3,unknown,0,1,filed_not_parsed
ICICIBANK,INE090A01021,FY25,Q4,Audited,1,0,parsed
ICICIBANK,INE090A01021,FY25,Q4,unknown,0,1,filed_not_parsed
ICICIBANK,INE090A01021,FY25,FY,Audited,1,0,parsed
ICICIBANK,INE090A01021,FY26,Q1,Unaudited,1,1,parsed
ICICIBANK,INE090A01021,FY26,Q1,unknown,0,1,filed_not_parsed
ICICIBANK,INE090A01021,FY26,Q2,Unaudited,1,1,parsed
ICICIBANK,INE090A01021,FY26,Q2,unknown,0,1,filed_not_parsed
ICICIBANK,INE090A01021,FY26,Q3,Audited,1,0,parsed
ICICIBANK,INE090A01021,FY26,Q4,Audited,1,1,parsed
ICICIBANK,INE090A01021,FY26,Q4,unknown,0,1,filed_not_parsed
ICICIBANK,INE090A01021,FY26,FY,Audited,1,0,parsed
IDBI,INE008A01015,FY24,Q3,unknown,1,0,parsed
IDBI,INE008A01015,FY24,Q4,unknown,1,0,parsed
IDBI,INE008A01015,FY25,Q1,unknown,1,0,parsed
IDBI,INE008A01015,FY25,Q2,unknown,1,0,parsed
IDBI,INE008A01015,FY25,Q3,unknown,1,0,parsed
IEX,INE022Q01020,FY24,Q3,unknown,1,0,parsed
IEX,INE022Q01020,FY24,Q4,unknown,1,0,parsed
IEX,INE022Q01020,FY25,Q1,unknown,1,0,parsed
IEX,INE022Q01020,FY25,Q2,unknown,1,0,parsed
IEX,INE022Q01020,FY25,Q3,unknown,1,0,parsed
IFCI,INE039A01010,FY24,Q3,unknown,1,0,parsed
IFCI,INE039A01010,FY24,Q4,unknown,1,0,parsed
IFCI,INE039A01010,FY25,Q1,unknown,1,0,parsed
IFCI,INE039A01010,FY25,Q2,unknown,1,0,parsed
IFCI,INE039A01010,FY25,Q3,unknown,1,0,parsed
IGIL,INE0Q9301021,FY25,Q3,unknown,1,0,parsed
IGL,INE203G01027,FY24,Q3,unknown,1,0,parsed
IGL,INE203G01027,FY24,Q4,unknown,1,0,parsed
IGL,INE203G01027,FY25,Q1,unknown,1,0,parsed
IGL,INE203G01027,FY25,Q2,unknown,1,0,parsed
IGL,INE203G01027,FY25,Q3,unknown,1,0,parsed
IKS,INE115Q01022,FY25,Q3,unknown,1,0,parsed
INDGN,INE065X01017,FY24,Q4,unknown,1,0,parsed
INDGN,INE065X01017,FY25,Q1,unknown,1,0,parsed
INDGN,INE065X01017,FY25,Q2,unknown,1,0,parsed
INDGN,INE065X01017,FY25,Q3,unknown,1,0,parsed
INDHOTEL,INE053A01029,FY24,Q3,unknown,1,0,parsed
INDHOTEL,INE053A01029,FY24,Q4,unknown,1,0,parsed
INDHOTEL,INE053A01029,FY25,Q1,unknown,1,0,parsed
INDHOTEL,INE053A01029,FY25,Q2,unknown,1,0,parsed
INDHOTEL,INE053A01029,FY25,Q3,unknown,1,0,parsed
INDIACEM,INE383A01012,FY24,Q3,unknown,1,0,parsed
INDIACEM,INE383A01012,FY24,Q4,unknown,1,0,parsed
INDIACEM,INE383A01012,FY25,Q1,unknown,1,0,parsed
INDIACEM,INE383A01012,FY25,Q2,unknown,1,0,parsed
INDIACEM,INE383A01012,FY25,Q3,unknown,1,0,parsed
INDIAMART,INE933S01016,FY24,Q3,unknown,1,0,parsed
INDIAMART,INE933S01016,FY24,Q4,unknown,1,0,parsed
INDIAMART,INE933S01016,FY25,Q1,unknown,1,0,parsed
INDIAMART,INE933S01016,FY25,Q2,unknown,1,0,parsed
INDIAMART,INE933S01016,FY25,Q3,unknown,1,0,parsed
INDIGO,INE646L01027,FY22,Q1,unknown,1,1,parsed
INDIGO,INE646L01027,FY22,Q2,Unaudited,1,0,parsed
INDIGO,INE646L01027,FY22,Q2,unknown,0,1,filed_not_parsed
INDIGO,INE646L01027,FY22,Q3,Audited,1,0,parsed
INDIGO,INE646L01027,FY22,Q3,unknown,0,1,filed_not_parsed
INDIGO,INE646L01027,FY22,Q4,Audited,1,1,parsed
INDIGO,INE646L01027,FY22,Q4,unknown,0,1,filed_not_parsed
INDIGO,INE646L01027,FY22,FY,Audited,1,0,parsed
INDIGO,INE646L01027,FY23,Q1,Unaudited,1,0,parsed
INDIGO,INE646L01027,FY23,Q2,Unaudited,1,0,parsed
INDIGO,INE646L01027,FY23,Q3,unknown,1,1,parsed
INDIGO,INE646L01027,FY23,Q4,unknown,1,1,parsed
INDIGO,INE646L01027,FY23,FY,unknown,1,0,parsed
INDIGO,INE646L01027,FY24,Q1,unknown,1,1,parsed
INDIGO,INE646L01027,FY24,Q2,unknown,1,1,parsed
INDIGO,INE646L01027,FY24,Q3,unknown,1,1,parsed
INDIGO,INE646L01027,FY24,Q4,unknown,1,1,parsed
INDIGO,INE646L01027,FY24,FY,unknown,1,0,parsed
INDIGO,INE646L01027,FY25,Q1,unknown,1,1,parsed
INDIGO,INE646L01027,FY25,Q2,unknown,1,1,parsed
INDIGO,INE646L01027,FY25,Q3,Unaudited,1,0,parsed
INDIGO,INE646L01027,FY25,Q3,unknown,0,1,filed_not_parsed
INDIGO,INE646L01027,FY25,Q4,unknown,1,1,parsed
INDIGO,INE646L01027,FY25,FY,unknown,1,0,parsed
INDIGO,INE646L01027,FY26,Q1,unknown,1,0,parsed
INDIGO,INE646L01027,FY26,Q2,unknown,1,1,parsed
INDIGO,INE646L01027,FY26,Q3,Unaudited,1,0,parsed
INDIGO,INE646L01027,FY26,Q3,unknown,0,1,filed_not_parsed
INDIGO,INE646L01027,FY26,Q4,Unaudited,0,1,filed_not_parsed
INDIGO,INE646L01027,FY26,Q4,unknown,1,2,parsed
INDIGO,INE646L01027,FY26,FY,unknown,1,0,parsed
INDUSINDBK,INE095A01012,FY25,FY,unknown,1,0,parsed
INDUSINDBK,INE095A01012,FY26,Q1,unknown,1,0,parsed
INDUSINDBK,INE095A01012,FY26,Q4,unknown,1,0,parsed
INDUSINDBK,INE095A01012,FY26,FY,unknown,1,0,parsed
INFY,INE009A01021,FY22,Q1,Audited,1,1,parsed
INFY,INE009A01021,FY22,Q2,Audited,1,1,parsed
INFY,INE009A01021,FY22,Q3,Audited,1,1,parsed
INFY,INE009A01021,FY22,Q4,Audited,1,1,parsed
INFY,INE009A01021,FY23,Q1,Audited,1,0,parsed
INFY,INE009A01021,FY23,Q2,Audited,1,0,parsed
INFY,INE009A01021,FY23,Q3,Audited,1,1,parsed
INFY,INE009A01021,FY23,Q4,Audited,1,2,parsed
INFY,INE009A01021,FY24,Q1,Audited,1,1,parsed
INFY,INE009A01021,FY24,Q2,Audited,1,1,parsed
INFY,INE009A01021,FY24,Q3,Audited,1,1,parsed
INFY,INE009A01021,FY24,Q4,Audited,1,1,parsed
INFY,INE009A01021,FY25,Q1,Audited,1,1,parsed
INFY,INE009A01021,FY25,Q2,Audited,1,1,parsed
INFY,INE009A01021,FY25,Q3,Audited,1,0,parsed
INFY,INE009A01021,FY25,Q4,Audited,1,1,parsed
INFY,INE009A01021,FY26,Q1,Audited,1,0,parsed
INFY,INE009A01021,FY26,Q2,Audited,1,1,parsed
INFY,INE009A01021,FY26,Q3,Audited,1,1,parsed
INFY,INE009A01021,FY26,Q4,Audited,1,1,parsed
INFY,INE009A01021,FY26,FY,Audited,1,0,parsed
INOXWIND,INE066P01011,FY24,Q4,unknown,1,0,parsed
INOXWIND,INE066P01011,FY25,Q1,unknown,1,0,parsed
INOXWIND,INE066P01011,FY25,Q2,unknown,1,0,parsed
INOXWIND,INE066P01011,FY25,Q3,unknown,1,0,parsed
INTELLECT,INE306R01017,FY24,Q3,unknown,1,0,parsed
INTELLECT,INE306R01017,FY24,Q4,unknown,1,0,parsed
INTELLECT,INE306R01017,FY25,Q1,unknown,1,0,parsed
INTELLECT,INE306R01017,FY25,Q2,unknown,1,0,parsed
INTELLECT,INE306R01017,FY25,Q3,unknown,1,0,parsed
IOB,INE565A01014,FY24,Q3,unknown,1,0,parsed
IOB,INE565A01014,FY24,Q4,unknown,1,0,parsed
IOB,INE565A01014,FY25,Q1,unknown,1,0,parsed
IOB,INE565A01014,FY25,Q2,unknown,1,0,parsed
IOB,INE565A01014,FY25,Q3,unknown,1,0,parsed
IOC,INE242A01010,FY24,Q3,unknown,1,0,parsed
IOC,INE242A01010,FY24,Q4,unknown,1,0,parsed
IOC,INE242A01010,FY25,Q1,unknown,1,0,parsed
IOC,INE242A01010,FY25,Q2,unknown,1,0,parsed
IOC,INE242A01010,FY25,Q3,unknown,1,0,parsed
IRB,INE821I01022,FY24,Q3,unknown,1,0,parsed
IRB,INE821I01022,FY24,Q4,unknown,1,0,parsed
IRB,INE821I01022,FY25,Q1,unknown,1,0,parsed
IRB,INE821I01022,FY25,Q2,unknown,1,0,parsed
IRB,INE821I01022,FY25,Q3,unknown,1,0,parsed
IRCON,INE962Y01021,FY24,Q3,unknown,1,0,parsed
IRCON,INE962Y01021,FY24,Q4,unknown,1,0,parsed
IRCON,INE962Y01021,FY25,Q1,unknown,1,0,parsed
IRCON,INE962Y01021,FY25,Q2,unknown,1,0,parsed
IRCON,INE962Y01021,FY25,Q3,unknown,1,0,parsed
IRFC,INE053F01010,FY24,Q3,unknown,1,0,parsed
IRFC,INE053F01010,FY24,Q4,unknown,1,0,parsed
IRFC,INE053F01010,FY25,Q1,unknown,1,0,parsed
IRFC,INE053F01010,FY25,Q2,unknown,1,0,parsed
IRFC,INE053F01010,FY25,Q3,unknown,1,0,parsed
ITC,INE154A01025,FY22,Q1,unknown,1,2,parsed
ITC,INE154A01025,FY22,Q2,Unaudited,1,0,parsed
ITC,INE154A01025,FY22,Q2,unknown,1,1,parsed
ITC,INE154A01025,FY22,Q3,Unaudited,1,0,parsed
ITC,INE154A01025,FY22,Q3,unknown,1,1,parsed
ITC,INE154A01025,FY22,Q4,Unaudited,1,1,parsed
ITC,INE154A01025,FY22,Q4,unknown,1,1,parsed
ITC,INE154A01025,FY22,FY,unknown,1,0,parsed
ITC,INE154A01025,FY23,Q1,Audited,0,1,filed_not_parsed
ITC,INE154A01025,FY23,Q1,unknown,1,0,parsed
ITC,INE154A01025,FY23,Q2,Unaudited,1,2,parsed
ITC,INE154A01025,FY23,Q2,unknown,1,0,parsed
ITC,INE154A01025,FY23,Q3,Unaudited,1,2,parsed
ITC,INE154A01025,FY23,Q3,unknown,1,1,parsed
ITC,INE154A01025,FY23,Q4,Unaudited,1,1,parsed
ITC,INE154A01025,FY23,Q4,unknown,1,1,parsed
ITC,INE154A01025,FY23,FY,unknown,1,0,parsed
ITC,INE154A01025,FY24,Q1,unknown,1,1,parsed
ITC,INE154A01025,FY24,Q2,unknown,1,1,parsed
ITC,INE154A01025,FY24,Q3,unknown,1,1,parsed
ITC,INE154A01025,FY24,Q4,unknown,1,1,parsed
ITC,INE154A01025,FY24,FY,unknown,1,0,parsed
ITC,INE154A01025,FY25,Q1,unknown,1,1,parsed
ITC,INE154A01025,FY25,Q2,unknown,1,1,parsed
ITC,INE154A01025,FY25,Q3,unknown,1,1,parsed
ITC,INE154A01025,FY25,Q4,unknown,1,1,parsed
ITC,INE154A01025,FY25,FY,unknown,1,0,parsed
ITC,INE154A01025,FY26,Q1,unknown,1,0,parsed
ITC,INE154A01025,FY26,Q2,unknown,1,1,parsed
ITC,INE154A01025,FY26,Q3,unknown,1,1,parsed
ITC,INE154A01025,FY26,Q4,unknown,1,1,parsed
ITC,INE154A01025,FY26,FY,unknown,1,0,parsed
ITI,INE248A01017,FY24,Q3,unknown,1,0,parsed
ITI,INE248A01017,FY24,Q4,unknown,1,0,parsed
ITI,INE248A01017,FY25,Q1,unknown,1,0,parsed
ITI,INE248A01017,FY25,Q2,unknown,1,0,parsed
ITI,INE248A01017,FY25,Q3,unknown,1,0,parsed
J&KBANK,INE168A01041,FY24,Q3,unknown,1,0,parsed
J&KBANK,INE168A01041,FY24,Q4,unknown,1,0,parsed
J&KBANK,INE168A01041,FY25,Q1,unknown,1,0,parsed
J&KBANK,INE168A01041,FY25,Q2,unknown,1,0,parsed
J&KBANK,INE168A01041,FY25,Q3,unknown,1,0,parsed
JBMA,INE927D01051,FY24,Q3,unknown,1,0,parsed
JBMA,INE927D01051,FY24,Q4,unknown,1,0,parsed
JBMA,INE927D01051,FY25,Q1,unknown,1,0,parsed
JBMA,INE927D01051,FY25,Q2,unknown,1,0,parsed
JBMA,INE927D01051,FY25,Q3,unknown,1,0,parsed
JINDALSAW,INE324A01032,FY24,Q3,unknown,1,0,parsed
JINDALSAW,INE324A01032,FY24,Q4,unknown,1,0,parsed
JINDALSAW,INE324A01032,FY25,Q1,unknown,1,0,parsed
JINDALSAW,INE324A01032,FY25,Q2,unknown,1,0,parsed
JINDALSAW,INE324A01032,FY25,Q3,unknown,1,0,parsed
JINDALSTEL,INE749A01030,FY24,Q3,unknown,1,0,parsed
JINDALSTEL,INE749A01030,FY24,Q4,unknown,1,0,parsed
JINDALSTEL,INE749A01030,FY25,Q1,unknown,1,0,parsed
JINDALSTEL,INE749A01030,FY25,Q2,unknown,1,0,parsed
JINDALSTEL,INE749A01030,FY25,Q3,unknown,1,0,parsed
JIOFIN,INE758E01017,FY24,Q1,unknown,1,0,parsed
JIOFIN,INE758E01017,FY24,Q2,unknown,0,2,filed_not_parsed
JIOFIN,INE758E01017,FY24,Q3,unknown,0,1,filed_not_parsed
JIOFIN,INE758E01017,FY24,Q4,unknown,0,1,filed_not_parsed
JIOFIN,INE758E01017,FY24,FY,unknown,1,0,parsed
JIOFIN,INE758E01017,FY25,Q1,unknown,1,1,parsed
JIOFIN,INE758E01017,FY25,Q2,Unaudited,1,0,parsed
JIOFIN,INE758E01017,FY25,Q2,unknown,0,1,filed_not_parsed
JIOFIN,INE758E01017,FY25,Q3,unknown,0,1,filed_not_parsed
JIOFIN,INE758E01017,FY25,Q4,Audited,0,1,filed_not_parsed
JIOFIN,INE758E01017,FY26,Q2,Unaudited,1,1,parsed
JKTYRE,INE573A01042,FY24,Q3,unknown,1,0,parsed
JKTYRE,INE573A01042,FY24,Q4,unknown,1,0,parsed
JKTYRE,INE573A01042,FY25,Q1,unknown,1,0,parsed
JKTYRE,INE573A01042,FY25,Q2,unknown,1,0,parsed
JKTYRE,INE573A01042,FY25,Q3,unknown,1,0,parsed
JMFINANCIL,INE780C01023,FY24,Q3,unknown,1,0,parsed
JMFINANCIL,INE780C01023,FY24,Q4,unknown,1,0,parsed
JMFINANCIL,INE780C01023,FY25,Q1,unknown,1,0,parsed
JMFINANCIL,INE780C01023,FY25,Q2,unknown,1,0,parsed
JMFINANCIL,INE780C01023,FY25,Q3,unknown,1,0,parsed
JPPOWER,INE351F01018,FY24,Q3,unknown,1,0,parsed
JPPOWER,INE351F01018,FY24,Q4,unknown,1,0,parsed
JPPOWER,INE351F01018,FY25,Q1,unknown,1,0,parsed
JPPOWER,INE351F01018,FY25,Q2,unknown,1,0,parsed
JPPOWER,INE351F01018,FY25,Q3,unknown,1,0,parsed
JSWDULUX,INE133A01011,FY24,Q3,unknown,1,0,parsed
JSWDULUX,INE133A01011,FY24,Q4,unknown,1,0,parsed
JSWDULUX,INE133A01011,FY25,Q1,unknown,1,0,parsed
JSWDULUX,INE133A01011,FY25,Q2,unknown,1,0,parsed
JSWDULUX,INE133A01011,FY25,Q3,unknown,1,0,parsed
JSWSTEEL,INE019A01038,FY22,Q1,unknown,0,1,filed_not_parsed
JSWSTEEL,INE019A01038,FY22,Q2,unknown,0,1,filed_not_parsed
JSWSTEEL,INE019A01038,FY22,Q3,unknown,1,1,parsed
JSWSTEEL,INE019A01038,FY22,Q4,unknown,1,1,parsed
JSWSTEEL,INE019A01038,FY22,FY,unknown,1,0,parsed
JSWSTEEL,INE019A01038,FY23,Q1,unknown,1,0,parsed
JSWSTEEL,INE019A01038,FY23,Q3,unknown,0,1,filed_not_parsed
JSWSTEEL,INE019A01038,FY23,Q4,unknown,1,1,parsed
JSWSTEEL,INE019A01038,FY23,FY,unknown,1,0,parsed
JSWSTEEL,INE019A01038,FY24,Q1,unknown,1,1,parsed
JSWSTEEL,INE019A01038,FY24,Q2,unknown,0,1,filed_not_parsed
JSWSTEEL,INE019A01038,FY24,Q3,unknown,0,1,filed_not_parsed
JSWSTEEL,INE019A01038,FY24,Q4,unknown,0,1,filed_not_parsed
JSWSTEEL,INE019A01038,FY25,Q1,unknown,0,1,filed_not_parsed
JSWSTEEL,INE019A01038,FY25,Q2,unknown,1,1,parsed
JSWSTEEL,INE019A01038,FY25,Q3,unknown,1,1,parsed
JSWSTEEL,INE019A01038,FY25,Q4,unknown,1,1,parsed
JSWSTEEL,INE019A01038,FY25,FY,unknown,1,0,parsed
JSWSTEEL,INE019A01038,FY26,Q1,unknown,1,0,parsed
JSWSTEEL,INE019A01038,FY26,Q2,unknown,1,1,parsed
JSWSTEEL,INE019A01038,FY26,Q3,unknown,1,1,parsed
JSWSTEEL,INE019A01038,FY26,Q4,unknown,1,1,parsed
JSWSTEEL,INE019A01038,FY26,FY,unknown,1,0,parsed
JUBLINGREA,INE0BY001018,FY24,Q3,unknown,1,0,parsed
JUBLINGREA,INE0BY001018,FY24,Q4,unknown,1,0,parsed
JUBLINGREA,INE0BY001018,FY25,Q1,unknown,1,0,parsed
JUBLINGREA,INE0BY001018,FY25,Q2,unknown,1,0,parsed
JUBLINGREA,INE0BY001018,FY25,Q3,unknown,1,0,parsed
JUBLPHARMA,INE700A01033,FY24,Q3,unknown,1,0,parsed
JUBLPHARMA,INE700A01033,FY24,Q4,unknown,1,0,parsed
JUBLPHARMA,INE700A01033,FY25,Q1,unknown,1,0,parsed
JUBLPHARMA,INE700A01033,FY25,Q2,unknown,1,0,parsed
JUBLPHARMA,INE700A01033,FY25,Q3,unknown,1,0,parsed
JWL,INE209L01016,FY24,Q3,unknown,1,0,parsed
JWL,INE209L01016,FY24,Q4,unknown,1,0,parsed
JWL,INE209L01016,FY25,Q1,unknown,1,0,parsed
JWL,INE209L01016,FY25,Q2,unknown,1,0,parsed
JWL,INE209L01016,FY25,Q3,unknown,1,0,parsed
JYOTICNC,INE980O01024,FY24,Q3,unknown,1,0,parsed
JYOTICNC,INE980O01024,FY24,Q4,unknown,1,0,parsed
JYOTICNC,INE980O01024,FY25,Q1,unknown,1,0,parsed
JYOTICNC,INE980O01024,FY25,Q2,unknown,1,0,parsed
JYOTICNC,INE980O01024,FY25,Q3,unknown,1,0,parsed
KAJARIACER,INE217B01036,FY24,Q3,unknown,1,0,parsed
KAJARIACER,INE217B01036,FY24,Q4,unknown,1,0,parsed
KAJARIACER,INE217B01036,FY25,Q1,unknown,1,0,parsed
KAJARIACER,INE217B01036,FY25,Q2,unknown,1,0,parsed
KAJARIACER,INE217B01036,FY25,Q3,unknown,1,0,parsed
KARURVYSYA,INE036D01028,FY24,Q3,unknown,1,0,parsed
KARURVYSYA,INE036D01028,FY24,Q4,unknown,1,0,parsed
KARURVYSYA,INE036D01028,FY25,Q1,unknown,1,0,parsed
KARURVYSYA,INE036D01028,FY25,Q2,unknown,1,0,parsed
KARURVYSYA,INE036D01028,FY25,Q3,unknown,1,0,parsed
KAYNES,INE918Z01012,FY24,Q3,unknown,1,0,parsed
KAYNES,INE918Z01012,FY24,Q4,unknown,1,0,parsed
KAYNES,INE918Z01012,FY25,Q1,unknown,1,0,parsed
KAYNES,INE918Z01012,FY25,Q2,unknown,1,0,parsed
KAYNES,INE918Z01012,FY25,Q3,unknown,1,0,parsed
KEC,INE389H01022,FY24,Q3,unknown,1,0,parsed
KEC,INE389H01022,FY24,Q4,unknown,1,0,parsed
KEC,INE389H01022,FY25,Q1,unknown,1,0,parsed
KEC,INE389H01022,FY25,Q2,unknown,1,0,parsed
KEC,INE389H01022,FY25,Q3,unknown,1,0,parsed
KFINTECH,INE138Y01010,FY24,Q3,unknown,1,0,parsed
KFINTECH,INE138Y01010,FY24,Q4,unknown,1,0,parsed
KFINTECH,INE138Y01010,FY25,Q1,unknown,1,0,parsed
KFINTECH,INE138Y01010,FY25,Q2,unknown,1,0,parsed
KFINTECH,INE138Y01010,FY25,Q3,unknown,1,0,parsed
KIMS,INE967H01025,FY24,Q3,unknown,1,0,parsed
KIMS,INE967H01025,FY24,Q4,unknown,1,0,parsed
KIMS,INE967H01025,FY25,Q1,unknown,1,0,parsed
KIMS,INE967H01025,FY25,Q2,unknown,1,0,parsed
KIMS,INE967H01025,FY25,Q3,unknown,1,0,parsed
KIRLOSENG,INE146L01010,FY24,Q3,unknown,1,0,parsed
KIRLOSENG,INE146L01010,FY24,Q4,unknown,1,0,parsed
KIRLOSENG,INE146L01010,FY25,Q1,unknown,1,0,parsed
KIRLOSENG,INE146L01010,FY25,Q2,unknown,1,0,parsed
KIRLOSENG,INE146L01010,FY25,Q3,unknown,1,0,parsed
KOTAKBANK,INE237A01036,FY22,Q1,unknown,1,1,parsed
KOTAKBANK,INE237A01036,FY22,Q2,unknown,1,1,parsed
KOTAKBANK,INE237A01036,FY22,Q3,unknown,1,1,parsed
KOTAKBANK,INE237A01036,FY22,Q4,unknown,1,1,parsed
KOTAKBANK,INE237A01036,FY22,FY,unknown,1,0,parsed
KOTAKBANK,INE237A01036,FY23,Q1,unknown,1,0,parsed
KOTAKBANK,INE237A01036,FY23,Q2,Unaudited,1,1,parsed
KOTAKBANK,INE237A01036,FY23,Q3,Unaudited,1,0,parsed
KOTAKBANK,INE237A01036,FY23,Q3,unknown,0,1,filed_not_parsed
KOTAKBANK,INE237A01036,FY23,Q4,unknown,1,1,parsed
KOTAKBANK,INE237A01036,FY23,FY,Audited,0,1,filed_not_parsed
KOTAKBANK,INE237A01036,FY23,FY,Unaudited,1,0,parsed
KOTAKBANK,INE237A01036,FY24,Q1,Unaudited,1,0,parsed
KOTAKBANK,INE237A01036,FY24,Q1,unknown,0,1,filed_not_parsed
KOTAKBANK,INE237A01036,FY24,Q2,Unaudited,1,1,parsed
KOTAKBANK,INE237A01036,FY24,Q2,unknown,0,1,filed_not_parsed
KOTAKBANK,INE237A01036,FY24,Q3,Unaudited,1,2,parsed
KOTAKBANK,INE237A01036,FY24,Q3,unknown,0,1,filed_not_parsed
KOTAKBANK,INE237A01036,FY24,Q4,Unaudited,1,0,parsed
KOTAKBANK,INE237A01036,FY24,Q4,unknown,0,1,filed_not_parsed
KOTAKBANK,INE237A01036,FY24,FY,Unaudited,1,0,parsed
KOTAKBANK,INE237A01036,FY25,Q1,Unaudited,1,1,parsed
KOTAKBANK,INE237A01036,FY25,Q1,unknown,0,1,filed_not_parsed
KOTAKBANK,INE237A01036,FY25,Q2,unknown,1,1,parsed
KOTAKBANK,INE237A01036,FY25,Q3,unknown,1,1,parsed
KOTAKBANK,INE237A01036,FY25,Q4,unknown,1,0,parsed
KOTAKBANK,INE237A01036,FY25,FY,Unaudited,1,0,parsed
KOTAKBANK,INE237A01036,FY26,Q1,Unaudited,1,2,parsed
KOTAKBANK,INE237A01036,FY26,Q1,unknown,0,1,filed_not_parsed
KOTAKBANK,INE237A01036,FY26,Q2,unknown,0,1,filed_not_parsed
KOTAKBANK,INE237A01036,FY26,Q3,unknown,1,1,parsed
KOTAKBANK,INE237A01036,FY26,Q4,unknown,1,1,parsed
KOTAKBANK,INE237A01036,FY26,FY,unknown,1,0,parsed
KPIL,INE220B01022,FY24,Q3,unknown,1,0,parsed
KPIL,INE220B01022,FY24,Q4,unknown,1,0,parsed
KPIL,INE220B01022,FY25,Q1,unknown,1,0,parsed
KPIL,INE220B01022,FY25,Q2,unknown,1,0,parsed
KPIL,INE220B01022,FY25,Q3,unknown,1,0,parsed
KRBL,INE001B01026,FY22,Q1,unknown,1,1,parsed
KRBL,INE001B01026,FY22,Q2,Unaudited,1,0,parsed
KRBL,INE001B01026,FY22,Q2,unknown,0,1,filed_not_parsed
KRBL,INE001B01026,FY22,Q3,unknown,1,1,parsed
KRBL,INE001B01026,FY22,Q4,unknown,1,1,parsed
KRBL,INE001B01026,FY22,FY,unknown,1,0,parsed
KRBL,INE001B01026,FY23,Q1,Unaudited,1,0,parsed
KRBL,INE001B01026,FY23,Q2,Unaudited,1,0,parsed
KRBL,INE001B01026,FY23,Q3,unknown,1,1,parsed
KRBL,INE001B01026,FY23,Q4,unknown,1,1,parsed
KRBL,INE001B01026,FY23,FY,Unaudited,1,0,parsed
KRBL,INE001B01026,FY24,Q1,Unaudited,1,2,parsed
KRBL,INE001B01026,FY24,Q1,unknown,0,1,filed_not_parsed
KRBL,INE001B01026,FY24,Q2,unknown,1,1,parsed
KRBL,INE001B01026,FY24,Q3,unknown,1,1,parsed
KRBL,INE001B01026,FY24,Q4,unknown,1,1,parsed
KRBL,INE001B01026,FY24,FY,unknown,1,0,parsed
KRBL,INE001B01026,FY25,Q1,unknown,1,1,parsed
KRBL,INE001B01026,FY25,Q2,unknown,1,1,parsed
KRBL,INE001B01026,FY25,Q3,unknown,1,1,parsed
KRBL,INE001B01026,FY25,Q4,unknown,1,0,parsed
KRBL,INE001B01026,FY25,FY,unknown,1,0,parsed
KRBL,INE001B01026,FY26,Q1,unknown,1,0,parsed
KRBL,INE001B01026,FY26,Q2,unknown,1,1,parsed
KRBL,INE001B01026,FY26,Q3,unknown,1,1,parsed
KRBL,INE001B01026,FY26,Q4,unknown,1,2,parsed
KRBL,INE001B01026,FY26,FY,unknown,1,0,parsed
LALPATHLAB,INE600L01024,FY24,Q3,unknown,1,0,parsed
LALPATHLAB,INE600L01024,FY24,Q4,unknown,1,0,parsed
LALPATHLAB,INE600L01024,FY25,Q1,unknown,1,0,parsed
LALPATHLAB,INE600L01024,FY25,Q2,unknown,1,0,parsed
LALPATHLAB,INE600L01024,FY25,Q3,unknown,1,0,parsed
LATENTVIEW,INE0I7C01011,FY24,Q3,unknown,1,0,parsed
LATENTVIEW,INE0I7C01011,FY24,Q4,unknown,1,0,parsed
LATENTVIEW,INE0I7C01011,FY25,Q1,unknown,1,0,parsed
LATENTVIEW,INE0I7C01011,FY25,Q2,unknown,1,0,parsed
LATENTVIEW,INE0I7C01011,FY25,Q3,unknown,1,0,parsed
LEMONTREE,INE970X01018,FY24,Q3,unknown,1,0,parsed
LEMONTREE,INE970X01018,FY24,Q4,unknown,1,0,parsed
LEMONTREE,INE970X01018,FY25,Q1,unknown,1,0,parsed
LEMONTREE,INE970X01018,FY25,Q2,unknown,1,0,parsed
LEMONTREE,INE970X01018,FY25,Q3,unknown,1,0,parsed
LODHA,INE670K01029,FY24,Q4,unknown,1,0,parsed
LODHA,INE670K01029,FY25,Q1,unknown,1,0,parsed
LODHA,INE670K01029,FY25,Q2,unknown,1,0,parsed
LODHA,INE670K01029,FY25,Q3,unknown,1,0,parsed
LT,INE018A01030,FY22,Q1,Unaudited,1,0,parsed
LT,INE018A01030,FY22,Q1,unknown,0,2,filed_not_parsed
LT,INE018A01030,FY22,Q2,Unaudited,1,0,parsed
LT,INE018A01030,FY22,Q2,unknown,0,2,filed_not_parsed
LT,INE018A01030,FY22,Q3,unknown,1,2,parsed
LT,INE018A01030,FY22,Q4,Unaudited,1,0,parsed
LT,INE018A01030,FY22,Q4,unknown,0,2,filed_not_parsed
LT,INE018A01030,FY22,FY,Unaudited,1,0,parsed
LT,INE018A01030,FY23,Q1,Unaudited,1,2,parsed
LT,INE018A01030,FY23,Q1,unknown,0,2,filed_not_parsed
LT,INE018A01030,FY23,Q2,Unaudited,1,0,parsed
LT,INE018A01030,FY23,Q3,unknown,1,1,parsed
LT,INE018A01030,FY23,Q4,unknown,1,1,parsed
LT,INE018A01030,FY23,FY,unknown,1,0,parsed
LT,INE018A01030,FY24,Q1,unknown,1,1,parsed
LT,INE018A01030,FY24,Q2,unknown,1,1,parsed
LT,INE018A01030,FY24,Q3,unknown,1,1,parsed
LT,INE018A01030,FY24,Q4,unknown,1,1,parsed
LT,INE018A01030,FY24,FY,unknown,1,0,parsed
LT,INE018A01030,FY25,Q1,unknown,1,1,parsed
LT,INE018A01030,FY25,Q2,unknown,1,1,parsed
LT,INE018A01030,FY25,Q3,unknown,1,1,parsed
LT,INE018A01030,FY25,Q4,unknown,1,0,parsed
LT,INE018A01030,FY25,FY,unknown,1,0,parsed
LT,INE018A01030,FY26,Q1,Audited,1,0,parsed
LT,INE018A01030,FY26,Q2,unknown,1,1,parsed
LT,INE018A01030,FY26,Q3,unknown,1,1,parsed
LT,INE018A01030,FY26,Q4,Audited,1,0,parsed
LT,INE018A01030,FY26,FY,Audited,1,0,parsed
LTFOODS,INE818H01020,FY24,Q3,unknown,1,0,parsed
LTFOODS,INE818H01020,FY24,Q4,unknown,1,0,parsed
LTFOODS,INE818H01020,FY25,Q1,unknown,1,0,parsed
LTFOODS,INE818H01020,FY25,Q2,unknown,1,0,parsed
LTFOODS,INE818H01020,FY25,Q3,unknown,1,0,parsed
LTM,INE214T01019,FY24,Q3,unknown,1,0,parsed
LTM,INE214T01019,FY24,Q4,unknown,1,0,parsed
LTM,INE214T01019,FY25,Q1,unknown,1,0,parsed
LTM,INE214T01019,FY25,Q2,unknown,1,0,parsed
LTM,INE214T01019,FY25,Q3,unknown,1,0,parsed
M&M,INE101A01026,FY22,Q1,unknown,1,1,parsed
M&M,INE101A01026,FY22,Q2,unknown,1,1,parsed
M&M,INE101A01026,FY22,Q3,unknown,1,1,parsed
M&M,INE101A01026,FY22,Q4,unknown,1,1,parsed
M&M,INE101A01026,FY22,FY,unknown,1,0,parsed
M&M,INE101A01026,FY23,Q1,unknown,1,0,parsed
M&M,INE101A01026,FY23,Q2,unknown,1,0,parsed
M&M,INE101A01026,FY23,Q3,unknown,1,1,parsed
M&M,INE101A01026,FY23,Q4,Audited,0,1,filed_not_parsed
M&M,INE101A01026,FY23,Q4,unknown,1,1,parsed
M&M,INE101A01026,FY23,FY,unknown,1,0,parsed
M&M,INE101A01026,FY24,Q1,unknown,1,1,parsed
M&M,INE101A01026,FY24,Q2,Unaudited,0,1,filed_not_parsed
M&M,INE101A01026,FY24,Q2,unknown,1,1,parsed
M&M,INE101A01026,FY24,Q3,unknown,1,1,parsed
M&M,INE101A01026,FY24,Q4,unknown,1,1,parsed
M&M,INE101A01026,FY25,Q1,Audited,0,1,filed_not_parsed
M&M,INE101A01026,FY25,Q1,unknown,1,1,parsed
M&M,INE101A01026,FY25,Q2,Unaudited,0,1,filed_not_parsed
M&M,INE101A01026,FY25,Q2,unknown,1,1,parsed
M&M,INE101A01026,FY25,Q3,unknown,1,1,parsed
M&M,INE101A01026,FY25,Q4,unknown,1,0,parsed
M&M,INE101A01026,FY26,Q1,Audited,0,1,filed_not_parsed
M&M,INE101A01026,FY26,Q1,unknown,1,1,parsed
M&M,INE101A01026,FY26,Q2,Unaudited,0,1,filed_not_parsed
M&M,INE101A01026,FY26,Q2,unknown,1,1,parsed
M&M,INE101A01026,FY26,Q3,Unaudited,0,1,filed_not_parsed
M&M,INE101A01026,FY26,Q3,unknown,1,1,parsed
M&M,INE101A01026,FY26,Q4,Unaudited,0,1,filed_not_parsed
M&M,INE101A01026,FY26,Q4,unknown,1,1,parsed
M&M,INE101A01026,FY26,FY,unknown,1,0,parsed
MANAPPURAM,INE522D01027,FY25,Q1,unknown,1,0,parsed
MANAPPURAM,INE522D01027,FY25,Q2,unknown,1,0,parsed
MANAPPURAM,INE522D01027,FY25,Q3,unknown,1,0,parsed
MAPMYINDIA,INE0BV301023,FY24,Q3,unknown,1,0,parsed
MAPMYINDIA,INE0BV301023,FY24,Q4,unknown,1,0,parsed
MAPMYINDIA,INE0BV301023,FY25,Q1,unknown,1,0,parsed
MAPMYINDIA,INE0BV301023,FY25,Q2,unknown,1,0,parsed
MAPMYINDIA,INE0BV301023,FY25,Q3,unknown,1,0,parsed
MARUTI,INE585B01010,FY22,Q1,unknown,1,1,parsed
MARUTI,INE585B01010,FY22,Q2,unknown,0,2,filed_not_parsed
MARUTI,INE585B01010,FY22,Q3,unknown,0,2,filed_not_parsed
MARUTI,INE585B01010,FY22,Q4,Audited,1,0,parsed
MARUTI,INE585B01010,FY22,Q4,unknown,0,2,filed_not_parsed
MARUTI,INE585B01010,FY22,FY,Audited,1,0,parsed
MARUTI,INE585B01010,FY23,Q1,unknown,1,1,parsed
MARUTI,INE585B01010,FY23,Q2,Audited,1,0,parsed
MARUTI,INE585B01010,FY23,Q3,Audited,1,0,parsed
MARUTI,INE585B01010,FY23,Q3,unknown,0,1,filed_not_parsed
MARUTI,INE585B01010,FY23,Q4,Audited,1,0,parsed
MARUTI,INE585B01010,FY23,Q4,unknown,0,1,filed_not_parsed
MARUTI,INE585B01010,FY23,FY,Audited,1,1,parsed
MARUTI,INE585B01010,FY24,Q1,Audited,1,0,parsed
MARUTI,INE585B01010,FY24,Q1,unknown,0,2,filed_not_parsed
MARUTI,INE585B01010,FY24,Q2,Audited,1,1,parsed
MARUTI,INE585B01010,FY24,Q2,unknown,0,2,filed_not_parsed
MARUTI,INE585B01010,FY24,Q3,unknown,1,1,parsed
MARUTI,INE585B01010,FY24,Q4,unknown,1,1,parsed
MARUTI,INE585B01010,FY24,FY,unknown,1,1,parsed
MARUTI,INE585B01010,FY25,Q1,unknown,1,2,parsed
MARUTI,INE585B01010,FY25,Q2,unknown,1,2,parsed
MARUTI,INE585B01010,FY25,Q3,unknown,0,2,filed_not_parsed
MARUTI,INE585B01010,FY25,Q4,unknown,1,1,parsed
MARUTI,INE585B01010,FY25,FY,unknown,1,0,parsed
MARUTI,INE585B01010,FY26,Q1,unknown,1,0,parsed
MARUTI,INE585B01010,FY26,Q2,unknown,1,2,parsed
MARUTI,INE585B01010,FY26,Q3,unknown,1,1,parsed
MARUTI,INE585B01010,FY26,Q4,unknown,1,1,parsed
MARUTI,INE585B01010,FY26,FY,unknown,1,2,parsed
MAXHEALTH,INE027H01010,FY22,Q1,Audited,1,0,parsed
MAXHEALTH,INE027H01010,FY22,Q1,Unaudited,0,1,filed_not_parsed
MAXHEALTH,INE027H01010,FY22,Q2,Unaudited,1,1,parsed
MAXHEALTH,INE027H01010,FY22,Q3,Unaudited,1,1,parsed
MAXHEALTH,INE027H01010,FY22,Q4,Audited,1,1,parsed
MAXHEALTH,INE027H01010,FY22,Q4,unknown,0,1,filed_not_parsed
MAXHEALTH,INE027H01010,FY22,FY,Audited,0,1,filed_not_parsed
MAXHEALTH,INE027H01010,FY23,Q1,Audited,0,1,filed_not_parsed
MAXHEALTH,INE027H01010,FY23,Q1,Unaudited,1,0,parsed
MAXHEALTH,INE027H01010,FY23,Q1,unknown,0,1,filed_not_parsed
MAXHEALTH,INE027H01010,FY23,Q2,Unaudited,1,1,parsed
MAXHEALTH,INE027H01010,FY23,Q3,Audited,1,0,parsed
MAXHEALTH,INE027H01010,FY23,Q3,Unaudited,0,2,filed_not_parsed
MAXHEALTH,INE027H01010,FY23,Q4,Audited,1,1,parsed
MAXHEALTH,INE027H01010,FY24,Q1,Audited,0,1,filed_not_parsed
MAXHEALTH,INE027H01010,FY24,Q1,Unaudited,1,1,parsed
MAXHEALTH,INE027H01010,FY24,Q2,Unaudited,1,1,parsed
MAXHEALTH,INE027H01010,FY24,Q3,Audited,1,0,parsed
MAXHEALTH,INE027H01010,FY24,Q3,Unaudited,0,1,filed_not_parsed
MAXHEALTH,INE027H01010,FY24,Q4,Audited,1,1,parsed
MAXHEALTH,INE027H01010,FY25,Q1,Unaudited,1,1,parsed
MAXHEALTH,INE027H01010,FY25,Q2,Unaudited,1,1,parsed
MAXHEALTH,INE027H01010,FY25,Q3,Audited,1,0,parsed
MAXHEALTH,INE027H01010,FY25,Q4,Audited,1,1,parsed
MAXHEALTH,INE027H01010,FY26,Q1,Unaudited,1,0,parsed
MAXHEALTH,INE027H01010,FY26,Q2,Unaudited,1,1,parsed
MAXHEALTH,INE027H01010,FY26,Q3,Audited,1,0,parsed
MAXHEALTH,INE027H01010,FY26,Q3,Unaudited,0,1,filed_not_parsed
MAXHEALTH,INE027H01010,FY26,Q4,Audited,1,1,parsed
MAZDOCK,INE249Z01020,FY24,Q3,unknown,1,0,parsed
MAZDOCK,INE249Z01020,FY24,Q4,unknown,1,0,parsed
MAZDOCK,INE249Z01020,FY25,Q1,unknown,1,0,parsed
MAZDOCK,INE249Z01020,FY25,Q2,unknown,1,0,parsed
MAZDOCK,INE249Z01020,FY25,Q3,unknown,1,0,parsed
MGL,INE002S01010,FY24,Q4,unknown,1,0,parsed
MGL,INE002S01010,FY25,Q1,unknown,1,0,parsed
MGL,INE002S01010,FY25,Q2,unknown,1,0,parsed
MGL,INE002S01010,FY25,Q3,unknown,1,0,parsed
MINDACORP,INE842C01021,FY24,Q3,unknown,1,0,parsed
MINDACORP,INE842C01021,FY24,Q4,unknown,1,0,parsed
MINDACORP,INE842C01021,FY25,Q1,unknown,1,0,parsed
MINDACORP,INE842C01021,FY25,Q2,unknown,1,0,parsed
MINDACORP,INE842C01021,FY25,Q3,unknown,1,0,parsed
MMTC,INE123F01029,FY24,Q3,unknown,1,0,parsed
MMTC,INE123F01029,FY24,Q4,unknown,1,0,parsed
MMTC,INE123F01029,FY25,Q1,unknown,1,0,parsed
MMTC,INE123F01029,FY25,Q2,unknown,1,0,parsed
MMTC,INE123F01029,FY25,Q3,unknown,1,0,parsed
MOTHERSON,INE775A01035,FY24,Q3,unknown,1,0,parsed
MOTHERSON,INE775A01035,FY24,Q4,unknown,1,0,parsed
MOTHERSON,INE775A01035,FY25,Q1,unknown,1,0,parsed
MOTHERSON,INE775A01035,FY25,Q2,unknown,1,0,parsed
MOTHERSON,INE775A01035,FY25,Q3,unknown,1,0,parsed
MRPL,INE103A01014,FY24,Q3,unknown,1,0,parsed
MRPL,INE103A01014,FY24,Q4,unknown,1,0,parsed
MRPL,INE103A01014,FY25,Q1,unknown,1,0,parsed
MRPL,INE103A01014,FY25,Q2,unknown,1,0,parsed
MRPL,INE103A01014,FY25,Q3,unknown,1,0,parsed
NATCOPHARM,INE987B01026,FY24,Q3,unknown,1,0,parsed
NATCOPHARM,INE987B01026,FY24,Q4,unknown,1,0,parsed
NATCOPHARM,INE987B01026,FY25,Q1,unknown,1,0,parsed
NATCOPHARM,INE987B01026,FY25,Q2,unknown,1,0,parsed
NATCOPHARM,INE987B01026,FY25,Q3,unknown,1,0,parsed
NAVA,INE725A01030,FY24,Q3,unknown,1,0,parsed
NAVA,INE725A01030,FY24,Q4,unknown,1,0,parsed
NAVA,INE725A01030,FY25,Q1,unknown,1,0,parsed
NAVA,INE725A01030,FY25,Q2,unknown,1,0,parsed
NAVA,INE725A01030,FY25,Q3,unknown,1,0,parsed
NAVINFLUOR,INE048G01026,FY24,Q3,unknown,1,0,parsed
NAVINFLUOR,INE048G01026,FY24,Q4,unknown,1,0,parsed
NAVINFLUOR,INE048G01026,FY25,Q1,unknown,1,0,parsed
NAVINFLUOR,INE048G01026,FY25,Q2,unknown,1,0,parsed
NAVINFLUOR,INE048G01026,FY25,Q3,unknown,1,0,parsed
NBCC,INE095N01031,FY24,Q3,unknown,1,0,parsed
NBCC,INE095N01031,FY24,Q4,unknown,1,0,parsed
NBCC,INE095N01031,FY25,Q1,unknown,1,0,parsed
NBCC,INE095N01031,FY25,Q2,unknown,1,0,parsed
NBCC,INE095N01031,FY25,Q3,unknown,1,0,parsed
NCC,INE868B01028,FY24,Q3,unknown,1,0,parsed
NCC,INE868B01028,FY24,Q4,unknown,1,0,parsed
NCC,INE868B01028,FY25,Q1,unknown,1,0,parsed
NCC,INE868B01028,FY25,Q2,unknown,1,0,parsed
NCC,INE868B01028,FY25,Q3,unknown,1,0,parsed
NESTLEIND,INE239A01024,FY24,Q1,Unaudited,1,0,parsed
NESTLEIND,INE239A01024,FY24,Q2,unknown,0,1,filed_not_parsed
NESTLEIND,INE239A01024,FY24,Q3,Unaudited,0,1,filed_not_parsed
NESTLEIND,INE239A01024,FY24,Q3,unknown,0,1,filed_not_parsed
NESTLEIND,INE239A01024,FY24,Q4,unknown,0,1,filed_not_parsed
NESTLEIND,INE239A01024,FY24,FY,Audited,0,1,filed_not_parsed
NESTLEIND,INE239A01024,FY24,FY,Unaudited,1,0,parsed
NESTLEIND,INE239A01024,FY25,Q1,Unaudited,1,1,parsed
NESTLEIND,INE239A01024,FY25,Q1,unknown,0,1,filed_not_parsed
NESTLEIND,INE239A01024,FY25,Q2,unknown,0,1,filed_not_parsed
NESTLEIND,INE239A01024,FY25,Q3,unknown,0,1,filed_not_parsed
NESTLEIND,INE239A01024,FY26,Q2,Unaudited,0,1,filed_not_parsed
NESTLEIND,INE239A01024,FY26,Q2,unknown,0,1,filed_not_parsed
NESTLEIND,INE239A01024,FY26,Q3,Unaudited,0,1,filed_not_parsed
NESTLEIND,INE239A01024,FY26,Q4,unknown,0,1,filed_not_parsed
NETWEB,INE0NT901020,FY24,Q4,unknown,1,0,parsed
NETWEB,INE0NT901020,FY25,Q1,unknown,1,0,parsed
NETWEB,INE0NT901020,FY25,Q2,unknown,1,0,parsed
NETWEB,INE0NT901020,FY25,Q3,unknown,1,0,parsed
NEULANDLAB,INE794A01010,FY24,Q3,unknown,1,0,parsed
NEULANDLAB,INE794A01010,FY24,Q4,unknown,1,0,parsed
NEULANDLAB,INE794A01010,FY25,Q1,unknown,1,0,parsed
NEULANDLAB,INE794A01010,FY25,Q2,unknown,1,0,parsed
NEULANDLAB,INE794A01010,FY25,Q3,unknown,1,0,parsed
NEWGEN,INE619B01017,FY24,Q3,unknown,1,0,parsed
NEWGEN,INE619B01017,FY24,Q4,unknown,1,0,parsed
NEWGEN,INE619B01017,FY25,Q1,unknown,1,0,parsed
NEWGEN,INE619B01017,FY25,Q2,unknown,1,0,parsed
NEWGEN,INE619B01017,FY25,Q3,unknown,1,0,parsed
NH,INE410P01011,FY24,Q3,unknown,1,0,parsed
NH,INE410P01011,FY24,Q4,unknown,1,0,parsed
NH,INE410P01011,FY25,Q1,unknown,1,0,parsed
NH,INE410P01011,FY25,Q2,unknown,1,0,parsed
NH,INE410P01011,FY25,Q3,unknown,1,0,parsed
NTPC,INE733E01010,FY22,Q1,unknown,1,1,parsed
NTPC,INE733E01010,FY22,Q2,unknown,1,1,parsed
NTPC,INE733E01010,FY22,Q3,unknown,1,1,parsed
NTPC,INE733E01010,FY22,Q4,unknown,1,1,parsed
NTPC,INE733E01010,FY22,FY,unknown,1,0,parsed
NTPC,INE733E01010,FY23,Q1,unknown,1,0,parsed
NTPC,INE733E01010,FY23,Q2,Audited,0,1,filed_not_parsed
NTPC,INE733E01010,FY23,Q2,unknown,1,0,parsed
NTPC,INE733E01010,FY23,Q3,Audited,0,1,filed_not_parsed
NTPC,INE733E01010,FY23,Q3,unknown,1,1,parsed
NTPC,INE733E01010,FY23,Q4,unknown,1,2,parsed
NTPC,INE733E01010,FY23,FY,unknown,1,0,parsed
NTPC,INE733E01010,FY24,Q1,unknown,1,2,parsed
NTPC,INE733E01010,FY24,Q2,unknown,1,1,parsed
NTPC,INE733E01010,FY24,Q3,unknown,1,1,parsed
NTPC,INE733E01010,FY24,Q4,unknown,1,1,parsed
NTPC,INE733E01010,FY24,FY,unknown,1,0,parsed
NTPC,INE733E01010,FY25,Q1,unknown,1,1,parsed
NTPC,INE733E01010,FY25,Q2,unknown,1,1,parsed
NTPC,INE733E01010,FY25,Q3,unknown,1,1,parsed
NTPC,INE733E01010,FY25,Q4,unknown,1,1,parsed
NTPC,INE733E01010,FY25,FY,unknown,1,0,parsed
NTPC,INE733E01010,FY26,Q1,unknown,1,0,parsed
NTPC,INE733E01010,FY26,Q2,unknown,1,1,parsed
NTPC,INE733E01010,FY26,Q3,unknown,1,1,parsed
NTPC,INE733E01010,FY26,Q4,unknown,1,1,parsed
NTPC,INE733E01010,FY26,FY,unknown,1,0,parsed
NUVOCO,INE118D01016,FY24,Q3,unknown,1,0,parsed
NUVOCO,INE118D01016,FY24,Q4,unknown,1,0,parsed
NUVOCO,INE118D01016,FY25,Q1,unknown,1,0,parsed
NUVOCO,INE118D01016,FY25,Q2,unknown,1,0,parsed
NUVOCO,INE118D01016,FY25,Q3,unknown,1,0,parsed
OLECTRA,INE260D01016,FY24,Q3,unknown,1,0,parsed
OLECTRA,INE260D01016,FY24,Q4,unknown,1,0,parsed
OLECTRA,INE260D01016,FY25,Q1,unknown,1,0,parsed
OLECTRA,INE260D01016,FY25,Q2,unknown,1,0,parsed
OLECTRA,INE260D01016,FY25,Q3,unknown,1,0,parsed
ONGC,INE213A01029,FY22,Q1,unknown,0,1,filed_not_parsed
ONGC,INE213A01029,FY22,Q2,unknown,0,1,filed_not_parsed
ONGC,INE213A01029,FY22,Q3,unknown,0,1,filed_not_parsed
ONGC,INE213A01029,FY22,Q4,unknown,0,1,filed_not_parsed
ONGC,INE213A01029,FY23,Q1,unknown,1,0,parsed
ONGC,INE213A01029,FY23,Q3,unknown,0,1,filed_not_parsed
ONGC,INE213A01029,FY23,Q4,unknown,0,1,filed_not_parsed
ONGC,INE213A01029,FY23,FY,unknown,1,0,parsed
ONGC,INE213A01029,FY24,Q1,unknown,1,1,parsed
ONGC,INE213A01029,FY24,Q2,unknown,0,1,filed_not_parsed
ONGC,INE213A01029,FY24,Q3,unknown,0,1,filed_not_parsed
ONGC,INE213A01029,FY24,Q4,unknown,0,1,filed_not_parsed
ONGC,INE213A01029,FY25,Q1,unknown,0,2,filed_not_parsed
ONGC,INE213A01029,FY25,Q2,unknown,0,1,filed_not_parsed
ONGC,INE213A01029,FY25,Q3,unknown,0,1,filed_not_parsed
ONGC,INE213A01029,FY25,Q4,unknown,0,1,filed_not_parsed
ONGC,INE213A01029,FY26,Q2,unknown,0,1,filed_not_parsed
ONGC,INE213A01029,FY26,Q3,unknown,0,1,filed_not_parsed
ONGC,INE213A01029,FY26,Q4,unknown,0,1,filed_not_parsed
PARADEEP,INE088F01024,FY24,Q3,unknown,1,0,parsed
PARADEEP,INE088F01024,FY24,Q4,unknown,1,0,parsed
PARADEEP,INE088F01024,FY25,Q1,unknown,1,0,parsed
PARADEEP,INE088F01024,FY25,Q2,unknown,1,0,parsed
PARADEEP,INE088F01024,FY25,Q3,unknown,1,0,parsed
PCBL,INE602A01031,FY24,Q3,unknown,1,0,parsed
PCBL,INE602A01031,FY24,Q4,unknown,1,0,parsed
PCBL,INE602A01031,FY25,Q1,unknown,1,0,parsed
PCBL,INE602A01031,FY25,Q2,unknown,1,0,parsed
PCBL,INE602A01031,FY25,Q3,unknown,1,0,parsed
PFC,INE134E01011,FY24,Q2,unknown,1,0,parsed
PFC,INE134E01011,FY24,Q3,unknown,1,0,parsed
PFC,INE134E01011,FY25,Q1,unknown,1,0,parsed
PFC,INE134E01011,FY25,Q2,unknown,1,0,parsed
PFC,INE134E01011,FY25,Q3,unknown,1,0,parsed
PFIZER,INE182A01018,FY24,Q3,unknown,1,0,parsed
PFIZER,INE182A01018,FY24,Q4,unknown,1,0,parsed
PFIZER,INE182A01018,FY25,Q1,unknown,1,0,parsed
PFIZER,INE182A01018,FY25,Q2,unknown,1,0,parsed
PFIZER,INE182A01018,FY25,Q3,unknown,1,0,parsed
PFOCUS,INE367G01038,FY24,Q3,unknown,1,0,parsed
PFOCUS,INE367G01038,FY24,Q4,unknown,1,0,parsed
PFOCUS,INE367G01038,FY25,Q1,unknown,1,0,parsed
PFOCUS,INE367G01038,FY25,Q2,unknown,1,0,parsed
PFOCUS,INE367G01038,FY25,Q3,unknown,1,0,parsed
PGEL,INE457L01029,FY24,Q3,unknown,1,0,parsed
PGEL,INE457L01029,FY24,Q4,unknown,1,0,parsed
PGEL,INE457L01029,FY25,Q1,unknown,1,0,parsed
PGEL,INE457L01029,FY25,Q2,unknown,1,0,parsed
PGEL,INE457L01029,FY25,Q3,unknown,1,0,parsed
PIDILITIND,INE318A01026,FY24,Q3,unknown,1,0,parsed
PIDILITIND,INE318A01026,FY24,Q4,unknown,1,0,parsed
PIDILITIND,INE318A01026,FY25,Q1,unknown,1,0,parsed
PIDILITIND,INE318A01026,FY25,Q2,unknown,1,0,parsed
PIDILITIND,INE318A01026,FY25,Q3,unknown,1,0,parsed
PNB,INE160A01022,FY24,Q4,unknown,1,0,parsed
PNB,INE160A01022,FY25,Q1,unknown,1,0,parsed
PNB,INE160A01022,FY25,Q2,unknown,1,0,parsed
PNB,INE160A01022,FY25,Q3,unknown,1,0,parsed
PNBHOUSING,INE572E01012,FY24,Q3,unknown,1,0,parsed
PNBHOUSING,INE572E01012,FY24,Q4,unknown,1,0,parsed
PNBHOUSING,INE572E01012,FY25,Q1,unknown,1,0,parsed
PNBHOUSING,INE572E01012,FY25,Q2,unknown,1,0,parsed
PNBHOUSING,INE572E01012,FY25,Q3,unknown,1,0,parsed
POLYMED,INE205C01021,FY24,Q3,unknown,1,0,parsed
POLYMED,INE205C01021,FY24,Q4,unknown,1,0,parsed
POLYMED,INE205C01021,FY25,Q1,unknown,1,0,parsed
POLYMED,INE205C01021,FY25,Q2,unknown,1,0,parsed
POLYMED,INE205C01021,FY25,Q3,unknown,1,0,parsed
POONAWALLA,INE511C01022,FY24,Q3,unknown,1,0,parsed
POONAWALLA,INE511C01022,FY24,Q4,unknown,1,0,parsed
POONAWALLA,INE511C01022,FY25,Q1,unknown,1,0,parsed
POONAWALLA,INE511C01022,FY25,Q2,unknown,1,0,parsed
POONAWALLA,INE511C01022,FY25,Q3,unknown,1,0,parsed
POWERGRID,INE752E01010,FY22,Q1,Audited,0,1,filed_not_parsed
POWERGRID,INE752E01010,FY22,Q1,unknown,0,1,filed_not_parsed
POWERGRID,INE752E01010,FY22,Q2,unknown,0,1,filed_not_parsed
POWERGRID,INE752E01010,FY22,Q3,unknown,1,1,parsed
POWERGRID,INE752E01010,FY22,Q4,unknown,1,2,parsed
POWERGRID,INE752E01010,FY22,FY,unknown,1,0,parsed
POWERGRID,INE752E01010,FY23,Q3,unknown,1,1,parsed
POWERGRID,INE752E01010,FY23,Q4,unknown,1,1,parsed
POWERGRID,INE752E01010,FY23,FY,unknown,1,0,parsed
POWERGRID,INE752E01010,FY24,Q1,unknown,0,1,filed_not_parsed
POWERGRID,INE752E01010,FY24,Q2,unknown,0,1,filed_not_parsed
POWERGRID,INE752E01010,FY24,Q3,unknown,1,1,parsed
POWERGRID,INE752E01010,FY24,Q4,Audited,1,0,parsed
POWERGRID,INE752E01010,FY24,Q4,unknown,0,1,filed_not_parsed
POWERGRID,INE752E01010,FY24,FY,Audited,1,0,parsed
POWERGRID,INE752E01010,FY25,Q1,Unaudited,1,0,parsed
POWERGRID,INE752E01010,FY25,Q1,unknown,0,1,filed_not_parsed
POWERGRID,INE752E01010,FY25,Q2,unknown,0,1,filed_not_parsed
POWERGRID,INE752E01010,FY25,Q3,Audited,1,0,parsed
POWERGRID,INE752E01010,FY25,Q3,unknown,0,1,filed_not_parsed
POWERGRID,INE752E01010,FY25,Q4,Audited,1,0,parsed
POWERGRID,INE752E01010,FY25,FY,Audited,1,1,parsed
POWERGRID,INE752E01010,FY26,Q1,Unaudited,1,0,parsed
POWERGRID,INE752E01010,FY26,Q2,Unaudited,0,1,filed_not_parsed
POWERGRID,INE752E01010,FY26,Q2,unknown,0,1,filed_not_parsed
POWERGRID,INE752E01010,FY26,Q3,unknown,1,0,parsed
POWERGRID,INE752E01010,FY26,Q4,unknown,1,1,parsed
POWERGRID,INE752E01010,FY26,FY,unknown,1,0,parsed
PTCIL,INE596F01018,FY24,Q3,unknown,1,0,parsed
PTCIL,INE596F01018,FY24,Q4,unknown,1,0,parsed
PTCIL,INE596F01018,FY25,Q1,unknown,1,0,parsed
PTCIL,INE596F01018,FY25,Q2,unknown,1,0,parsed
PTCIL,INE596F01018,FY25,Q3,unknown,1,0,parsed
PVRINOX,INE191H01014,FY24,Q3,unknown,1,0,parsed
PVRINOX,INE191H01014,FY24,Q4,unknown,1,0,parsed
PVRINOX,INE191H01014,FY25,Q1,unknown,1,0,parsed
PVRINOX,INE191H01014,FY25,Q2,unknown,1,0,parsed
PVRINOX,INE191H01014,FY25,Q3,unknown,1,0,parsed
RAILTEL,INE0DD101019,FY24,Q3,unknown,1,0,parsed
RAILTEL,INE0DD101019,FY24,Q4,unknown,1,0,parsed
RAILTEL,INE0DD101019,FY25,Q1,unknown,1,0,parsed
RAILTEL,INE0DD101019,FY25,Q2,unknown,1,0,parsed
RAILTEL,INE0DD101019,FY25,Q3,unknown,1,0,parsed
RAINBOW,INE961O01016,FY24,Q3,unknown,1,0,parsed
RAINBOW,INE961O01016,FY24,Q4,unknown,1,0,parsed
RAINBOW,INE961O01016,FY25,Q1,unknown,1,0,parsed
RAINBOW,INE961O01016,FY25,Q2,unknown,1,0,parsed
RAINBOW,INE961O01016,FY25,Q3,unknown,1,0,parsed
RAMCOCEM,INE331A01037,FY24,Q3,unknown,1,0,parsed
RAMCOCEM,INE331A01037,FY24,Q4,unknown,1,0,parsed
RAMCOCEM,INE331A01037,FY25,Q1,unknown,1,0,parsed
RAMCOCEM,INE331A01037,FY25,Q2,unknown,1,0,parsed
RAMCOCEM,INE331A01037,FY25,Q3,unknown,1,0,parsed
RBLBANK,INE976G01028,FY24,Q3,unknown,1,0,parsed
RBLBANK,INE976G01028,FY24,Q4,unknown,1,0,parsed
RBLBANK,INE976G01028,FY25,Q1,unknown,1,0,parsed
RBLBANK,INE976G01028,FY25,Q2,unknown,1,0,parsed
RBLBANK,INE976G01028,FY25,Q3,unknown,1,0,parsed
REDINGTON,INE891D01026,FY24,Q4,unknown,1,0,parsed
REDINGTON,INE891D01026,FY25,Q1,unknown,1,0,parsed
REDINGTON,INE891D01026,FY25,Q2,unknown,1,0,parsed
REDINGTON,INE891D01026,FY25,Q3,unknown,1,0,parsed
RELIANCE,INE002A01018,FY22,Q1,Unaudited,1,1,parsed
RELIANCE,INE002A01018,FY22,Q2,Unaudited,1,1,parsed
RELIANCE,INE002A01018,FY22,Q3,Unaudited,2,2,parsed
RELIANCE,INE002A01018,FY22,Q4,Audited,1,1,parsed
RELIANCE,INE002A01018,FY22,FY,Audited,1,0,parsed
RELIANCE,INE002A01018,FY23,Q1,Unaudited,1,1,parsed
RELIANCE,INE002A01018,FY23,Q2,Unaudited,1,0,parsed
RELIANCE,INE002A01018,FY23,Q3,Audited,1,0,parsed
RELIANCE,INE002A01018,FY23,Q3,Unaudited,1,2,parsed
RELIANCE,INE002A01018,FY23,Q4,Audited,1,1,parsed
RELIANCE,INE002A01018,FY23,FY,Audited,1,0,parsed
RELIANCE,INE002A01018,FY24,Q1,Unaudited,1,1,parsed
RELIANCE,INE002A01018,FY24,Q2,Unaudited,1,1,parsed
RELIANCE,INE002A01018,FY24,Q3,Audited,1,0,parsed
RELIANCE,INE002A01018,FY24,Q3,Unaudited,0,1,filed_not_parsed
RELIANCE,INE002A01018,FY24,Q4,Audited,1,1,parsed
RELIANCE,INE002A01018,FY24,FY,Audited,1,0,parsed
RELIANCE,INE002A01018,FY25,Q1,Unaudited,1,1,parsed
RELIANCE,INE002A01018,FY25,Q2,Unaudited,1,1,parsed
RELIANCE,INE002A01018,FY25,Q3,Audited,1,0,parsed
RELIANCE,INE002A01018,FY25,Q3,Unaudited,0,1,filed_not_parsed
RELIANCE,INE002A01018,FY25,Q4,Audited,1,0,parsed
RELIANCE,INE002A01018,FY25,FY,Audited,1,0,parsed
RELIANCE,INE002A01018,FY26,Q1,Unaudited,1,1,parsed
RELIANCE,INE002A01018,FY26,Q2,Unaudited,1,0,parsed
RELIANCE,INE002A01018,FY26,Q3,Audited,1,0,parsed
RELIANCE,INE002A01018,FY26,Q4,Audited,1,0,parsed
RELIANCE,INE002A01018,FY26,FY,Audited,1,3,parsed
RHIM,INE743M01012,FY24,Q3,unknown,1,0,parsed
RHIM,INE743M01012,FY24,Q4,unknown,1,0,parsed
RHIM,INE743M01012,FY25,Q1,unknown,1,0,parsed
RHIM,INE743M01012,FY25,Q2,unknown,1,0,parsed
RHIM,INE743M01012,FY25,Q3,unknown,1,0,parsed
RITES,INE320J01015,FY24,Q3,unknown,1,0,parsed
RITES,INE320J01015,FY24,Q4,unknown,1,0,parsed
RITES,INE320J01015,FY25,Q1,unknown,1,0,parsed
RITES,INE320J01015,FY25,Q2,unknown,1,0,parsed
RITES,INE320J01015,FY25,Q3,unknown,1,0,parsed
RKFORGE,INE399G01023,FY24,Q4,unknown,1,0,parsed
RKFORGE,INE399G01023,FY25,Q1,unknown,1,0,parsed
RKFORGE,INE399G01023,FY25,Q2,unknown,1,0,parsed
RKFORGE,INE399G01023,FY25,Q3,unknown,1,0,parsed
RPOWER,INE614G01033,FY24,Q3,unknown,1,0,parsed
RPOWER,INE614G01033,FY24,Q4,unknown,1,0,parsed
RPOWER,INE614G01033,FY25,Q1,unknown,1,0,parsed
RPOWER,INE614G01033,FY25,Q2,unknown,1,0,parsed
RPOWER,INE614G01033,FY25,Q3,unknown,1,0,parsed
RRKABEL,INE777K01022,FY24,Q3,unknown,1,0,parsed
RRKABEL,INE777K01022,FY24,Q4,unknown,1,0,parsed
RRKABEL,INE777K01022,FY25,Q1,unknown,1,0,parsed
RRKABEL,INE777K01022,FY25,Q2,unknown,1,0,parsed
RRKABEL,INE777K01022,FY25,Q3,unknown,1,0,parsed
SAGILITY,INE0W2G01015,FY25,Q2,unknown,1,0,parsed
SAGILITY,INE0W2G01015,FY25,Q3,unknown,1,0,parsed
SAILIFE,INE570L01029,FY25,Q3,unknown,1,0,parsed
SAPPHIRE,INE806T01020,FY24,Q3,unknown,1,0,parsed
SAPPHIRE,INE806T01020,FY24,Q4,unknown,1,0,parsed
SAPPHIRE,INE806T01020,FY25,Q1,unknown,1,0,parsed
SAPPHIRE,INE806T01020,FY25,Q2,unknown,1,0,parsed
SAPPHIRE,INE806T01020,FY25,Q3,unknown,1,0,parsed
SARDAEN,INE385C01021,FY24,Q3,unknown,1,0,parsed
SARDAEN,INE385C01021,FY24,Q4,unknown,1,0,parsed
SARDAEN,INE385C01021,FY25,Q1,unknown,1,0,parsed
SARDAEN,INE385C01021,FY25,Q2,unknown,1,0,parsed
SARDAEN,INE385C01021,FY25,Q3,unknown,1,0,parsed
SAREGAMA,INE979A01025,FY24,Q3,unknown,1,0,parsed
SAREGAMA,INE979A01025,FY24,Q4,unknown,1,0,parsed
SAREGAMA,INE979A01025,FY25,Q1,unknown,1,0,parsed
SAREGAMA,INE979A01025,FY25,Q2,unknown,1,0,parsed
SAREGAMA,INE979A01025,FY25,Q3,unknown,1,0,parsed
SBFC,INE423Y01016,FY24,Q1,unknown,1,0,parsed
SBFC,INE423Y01016,FY24,Q2,unknown,1,0,parsed
SBFC,INE423Y01016,FY24,Q3,unknown,1,0,parsed
SBFC,INE423Y01016,FY24,Q4,unknown,1,0,parsed
SBFC,INE423Y01016,FY25,Q3,unknown,1,0,parsed
SBILIFE,INE123W01016,FY22,Q1,unknown,0,1,filed_not_parsed
SBILIFE,INE123W01016,FY22,Q2,unknown,0,1,filed_not_parsed
SBILIFE,INE123W01016,FY22,Q3,unknown,0,1,filed_not_parsed
SBILIFE,INE123W01016,FY22,Q4,unknown,0,1,filed_not_parsed
SBILIFE,INE123W01016,FY22,FY,Audited,1,0,parsed
SBILIFE,INE123W01016,FY23,Q1,unknown,1,0,parsed
SBILIFE,INE123W01016,FY23,Q2,Audited,1,0,parsed
SBILIFE,INE123W01016,FY23,Q3,unknown,0,1,filed_not_parsed
SBILIFE,INE123W01016,FY23,Q4,unknown,1,1,parsed
SBILIFE,INE123W01016,FY23,FY,unknown,1,0,parsed
SBILIFE,INE123W01016,FY24,Q1,unknown,1,1,parsed
SBILIFE,INE123W01016,FY24,Q2,unknown,0,1,filed_not_parsed
SBILIFE,INE123W01016,FY24,Q3,unknown,0,1,filed_not_parsed
SBILIFE,INE123W01016,FY24,Q4,unknown,0,1,filed_not_parsed
SBILIFE,INE123W01016,FY25,Q1,unknown,1,1,parsed
SBILIFE,INE123W01016,FY25,Q2,unknown,0,1,filed_not_parsed
SBILIFE,INE123W01016,FY25,Q3,unknown,0,1,filed_not_parsed
SBILIFE,INE123W01016,FY25,Q4,unknown,1,0,parsed
SBILIFE,INE123W01016,FY25,FY,unknown,1,0,parsed
SBILIFE,INE123W01016,FY26,Q1,unknown,1,0,parsed
SBILIFE,INE123W01016,FY26,Q2,unknown,0,1,filed_not_parsed
SBILIFE,INE123W01016,FY26,Q3,unknown,1,1,parsed
SBILIFE,INE123W01016,FY26,Q4,unknown,1,1,parsed
SBILIFE,INE123W01016,FY26,FY,unknown,1,0,parsed
SBIN,INE062A01020,FY22,Q1,unknown,1,2,parsed
SBIN,INE062A01020,FY22,Q2,unknown,0,2,filed_not_parsed
SBIN,INE062A01020,FY22,Q3,unknown,1,2,parsed
SBIN,INE062A01020,FY22,Q4,Audited,1,0,parsed
SBIN,INE062A01020,FY22,Q4,unknown,0,2,filed_not_parsed
SBIN,INE062A01020,FY22,FY,Audited,1,0,parsed
SBIN,INE062A01020,FY23,Q1,unknown,1,0,parsed
SBIN,INE062A01020,FY23,Q2,unknown,1,1,parsed
SBIN,INE062A01020,FY23,Q3,Audited,1,0,parsed
SBIN,INE062A01020,FY23,Q3,unknown,0,1,filed_not_parsed
SBIN,INE062A01020,FY23,Q4,Audited,1,0,parsed
SBIN,INE062A01020,FY23,Q4,unknown,0,1,filed_not_parsed
SBIN,INE062A01020,FY23,FY,Audited,1,0,parsed
SBIN,INE062A01020,FY24,Q1,unknown,1,1,parsed
SBIN,INE062A01020,FY24,Q2,unknown,1,2,parsed
SBIN,INE062A01020,FY24,Q3,Unaudited,1,0,parsed
SBIN,INE062A01020,FY24,Q3,unknown,0,1,filed_not_parsed
SBIN,INE062A01020,FY24,Q4,unknown,1,2,parsed
SBIN,INE062A01020,FY24,FY,Audited,0,1,filed_not_parsed
SBIN,INE062A01020,FY24,FY,Unaudited,1,0,parsed
SBIN,INE062A01020,FY25,Q1,unknown,1,1,parsed
SBIN,INE062A01020,FY25,Q2,Unaudited,1,0,parsed
SBIN,INE062A01020,FY25,Q2,unknown,0,3,filed_not_parsed
SBIN,INE062A01020,FY25,Q3,Unaudited,1,0,parsed
SBIN,INE062A01020,FY25,Q3,unknown,0,1,filed_not_parsed
SBIN,INE062A01020,FY25,Q4,unknown,1,0,parsed
SBIN,INE062A01020,FY25,FY,unknown,1,0,parsed
SBIN,INE062A01020,FY26,Q1,unknown,1,1,parsed
SBIN,INE062A01020,FY26,Q2,unknown,1,1,parsed
SBIN,INE062A01020,FY26,Q3,unknown,1,2,parsed
SBIN,INE062A01020,FY26,Q4,unknown,0,1,filed_not_parsed
SCHNEIDER,INE839M01018,FY24,Q3,unknown,1,0,parsed
SCHNEIDER,INE839M01018,FY24,Q4,unknown,1,0,parsed
SCHNEIDER,INE839M01018,FY25,Q1,unknown,1,0,parsed
SCHNEIDER,INE839M01018,FY25,Q2,unknown,1,0,parsed
SCHNEIDER,INE839M01018,FY25,Q3,unknown,1,0,parsed
SCI,INE109A01011,FY24,Q3,unknown,1,0,parsed
SCI,INE109A01011,FY24,Q4,unknown,1,0,parsed
SCI,INE109A01011,FY25,Q1,unknown,1,0,parsed
SCI,INE109A01011,FY25,Q2,unknown,1,0,parsed
SCI,INE109A01011,FY25,Q3,unknown,1,0,parsed
SHREECEM,INE070A01015,FY24,Q3,unknown,1,0,parsed
SHREECEM,INE070A01015,FY24,Q4,unknown,1,0,parsed
SHREECEM,INE070A01015,FY25,Q1,unknown,1,0,parsed
SHREECEM,INE070A01015,FY25,Q2,unknown,1,0,parsed
SHREECEM,INE070A01015,FY25,Q3,unknown,1,0,parsed
SHRIRAMFIN,INE721A01047,FY22,Q1,Audited,0,1,filed_not_parsed
SHRIRAMFIN,INE721A01047,FY22,Q1,unknown,0,1,filed_not_parsed
SHRIRAMFIN,INE721A01047,FY22,Q2,Unaudited,0,1,filed_not_parsed
SHRIRAMFIN,INE721A01047,FY22,Q2,unknown,0,1,filed_not_parsed
SHRIRAMFIN,INE721A01047,FY22,Q3,unknown,0,1,filed_not_parsed
SHRIRAMFIN,INE721A01047,FY22,Q4,Audited,0,1,filed_not_parsed
SHRIRAMFIN,INE721A01047,FY22,Q4,unknown,0,1,filed_not_parsed
SHRIRAMFIN,INE721A01047,FY23,Q1,Unaudited,0,1,filed_not_parsed
SHRIRAMFIN,INE721A01047,FY23,Q2,Unaudited,0,1,filed_not_parsed
SHRIRAMFIN,INE721A01047,FY23,Q3,unknown,0,1,filed_not_parsed
SHRIRAMFIN,INE721A01047,FY23,Q4,unknown,0,1,filed_not_parsed
SHRIRAMFIN,INE721A01047,FY24,Q1,Audited,0,1,filed_not_parsed
SHRIRAMFIN,INE721A01047,FY24,Q1,unknown,0,1,filed_not_parsed
SHRIRAMFIN,INE721A01047,FY24,Q2,unknown,0,1,filed_not_parsed
SHRIRAMFIN,INE721A01047,FY24,Q3,unknown,0,1,filed_not_parsed
SHRIRAMFIN,INE721A01047,FY24,Q4,unknown,0,1,filed_not_parsed
SHRIRAMFIN,INE721A01047,FY25,Q1,unknown,1,2,parsed
SHRIRAMFIN,INE721A01047,FY25,Q2,unknown,0,1,filed_not_parsed
SHRIRAMFIN,INE721A01047,FY25,Q3,unknown,0,1,filed_not_parsed
SHRIRAMFIN,INE721A01047,FY25,Q4,Audited,0,1,filed_not_parsed
SHRIRAMFIN,INE721A01047,FY25,Q4,Unaudited,0,1,filed_not_parsed
SHRIRAMFIN,INE721A01047,FY25,Q4,unknown,1,0,parsed
SHRIRAMFIN,INE721A01047,FY25,FY,unknown,1,0,parsed
SHRIRAMFIN,INE721A01047,FY26,Q1,unknown,1,0,parsed
SHRIRAMFIN,INE721A01047,FY26,Q2,unknown,1,1,parsed
SHRIRAMFIN,INE721A01047,FY26,Q3,unknown,0,1,filed_not_parsed
SHRIRAMFIN,INE721A01047,FY26,Q4,unknown,1,1,parsed
SHRIRAMFIN,INE721A01047,FY26,FY,unknown,1,0,parsed
SHYAMMETL,INE810G01011,FY24,Q4,unknown,1,0,parsed
SHYAMMETL,INE810G01011,FY25,Q1,unknown,1,0,parsed
SHYAMMETL,INE810G01011,FY25,Q2,unknown,1,0,parsed
SHYAMMETL,INE810G01011,FY25,Q3,unknown,1,0,parsed
SIEMENS,INE003A01024,FY24,Q3,unknown,1,0,parsed
SIEMENS,INE003A01024,FY24,Q4,unknown,1,0,parsed
SIEMENS,INE003A01024,FY25,Q1,unknown,1,0,parsed
SIEMENS,INE003A01024,FY25,Q2,unknown,1,0,parsed
SIEMENS,INE003A01024,FY25,Q3,unknown,1,0,parsed
SIGNATURE,INE903U01023,FY24,Q3,unknown,1,0,parsed
SIGNATURE,INE903U01023,FY24,Q4,unknown,1,0,parsed
SIGNATURE,INE903U01023,FY25,Q1,unknown,1,0,parsed
SIGNATURE,INE903U01023,FY25,Q2,unknown,1,0,parsed
SIGNATURE,INE903U01023,FY25,Q3,unknown,1,0,parsed
SJVN,INE002L01015,FY22,Q1,unknown,1,1,parsed
SJVN,INE002L01015,FY22,Q2,unknown,1,1,parsed
SJVN,INE002L01015,FY22,Q3,unknown,1,1,parsed
SJVN,INE002L01015,FY22,Q4,unknown,1,1,parsed
SJVN,INE002L01015,FY22,FY,unknown,1,0,parsed
SJVN,INE002L01015,FY23,Q1,unknown,1,0,parsed
SJVN,INE002L01015,FY23,Q2,unknown,1,0,parsed
SJVN,INE002L01015,FY23,Q3,unknown,1,1,parsed
SJVN,INE002L01015,FY23,Q4,unknown,1,1,parsed
SJVN,INE002L01015,FY23,FY,unknown,1,0,parsed
SJVN,INE002L01015,FY24,Q1,unknown,1,1,parsed
SJVN,INE002L01015,FY24,Q2,unknown,1,1,parsed
SJVN,INE002L01015,FY24,Q3,unknown,1,1,parsed
SJVN,INE002L01015,FY24,Q4,unknown,1,1,parsed
SJVN,INE002L01015,FY24,FY,unknown,1,0,parsed
SJVN,INE002L01015,FY25,Q1,unknown,1,1,parsed
SJVN,INE002L01015,FY25,Q2,unknown,1,1,parsed
SJVN,INE002L01015,FY25,Q3,unknown,1,1,parsed
SJVN,INE002L01015,FY25,Q4,unknown,1,1,parsed
SJVN,INE002L01015,FY25,FY,unknown,1,2,parsed
SJVN,INE002L01015,FY26,Q1,unknown,1,0,parsed
SJVN,INE002L01015,FY26,Q2,unknown,1,1,parsed
SJVN,INE002L01015,FY26,Q3,unknown,1,1,parsed
SJVN,INE002L01015,FY26,Q4,unknown,1,3,parsed
SJVN,INE002L01015,FY26,FY,unknown,1,0,parsed
SOBHA,INE671H01015,FY24,Q3,unknown,1,0,parsed
SOBHA,INE671H01015,FY24,Q4,unknown,1,0,parsed
SOBHA,INE671H01015,FY25,Q1,unknown,1,0,parsed
SOBHA,INE671H01015,FY25,Q2,unknown,1,0,parsed
SOBHA,INE671H01015,FY25,Q3,unknown,1,0,parsed
SOLARINDS,INE343H01029,FY24,Q3,unknown,1,0,parsed
SOLARINDS,INE343H01029,FY24,Q4,unknown,1,0,parsed
SOLARINDS,INE343H01029,FY25,Q1,unknown,1,0,parsed
SOLARINDS,INE343H01029,FY25,Q2,unknown,1,0,parsed
SOLARINDS,INE343H01029,FY25,Q3,unknown,1,0,parsed
SONACOMS,INE073K01018,FY24,Q3,unknown,1,0,parsed
SONACOMS,INE073K01018,FY24,Q4,unknown,1,0,parsed
SONACOMS,INE073K01018,FY25,Q1,unknown,1,0,parsed
SONACOMS,INE073K01018,FY25,Q2,unknown,1,0,parsed
SONACOMS,INE073K01018,FY25,Q3,unknown,1,0,parsed
SONATSOFTW,INE269A01021,FY24,Q3,unknown,1,0,parsed
SONATSOFTW,INE269A01021,FY24,Q4,unknown,1,0,parsed
SONATSOFTW,INE269A01021,FY25,Q1,unknown,1,0,parsed
SONATSOFTW,INE269A01021,FY25,Q2,unknown,1,0,parsed
SONATSOFTW,INE269A01021,FY25,Q3,unknown,1,0,parsed
SPLPETRO,INE663A01033,FY24,Q3,unknown,1,0,parsed
SPLPETRO,INE663A01033,FY24,Q4,unknown,1,0,parsed
SPLPETRO,INE663A01033,FY25,Q1,unknown,1,0,parsed
SPLPETRO,INE663A01033,FY25,Q2,unknown,1,0,parsed
SPLPETRO,INE663A01033,FY25,Q3,unknown,1,0,parsed
SUMICHEM,INE258G01013,FY24,Q3,unknown,1,0,parsed
SUMICHEM,INE258G01013,FY24,Q4,unknown,1,0,parsed
SUMICHEM,INE258G01013,FY25,Q1,unknown,1,0,parsed
SUMICHEM,INE258G01013,FY25,Q2,unknown,1,0,parsed
SUMICHEM,INE258G01013,FY25,Q3,unknown,1,0,parsed
SUNPHARMA,INE044A01036,FY22,Q1,Audited,1,0,parsed
SUNPHARMA,INE044A01036,FY22,Q1,Unaudited,0,1,filed_not_parsed
SUNPHARMA,INE044A01036,FY22,Q2,Audited,1,1,parsed
SUNPHARMA,INE044A01036,FY22,Q2,unknown,0,1,filed_not_parsed
SUNPHARMA,INE044A01036,FY22,Q3,Audited,1,0,parsed
SUNPHARMA,INE044A01036,FY22,Q3,Unaudited,0,1,filed_not_parsed
SUNPHARMA,INE044A01036,FY22,Q4,Audited,1,1,parsed
SUNPHARMA,INE044A01036,FY22,Q4,unknown,0,1,filed_not_parsed
SUNPHARMA,INE044A01036,FY22,FY,Audited,1,0,parsed
SUNPHARMA,INE044A01036,FY23,Q1,Unaudited,1,0,parsed
SUNPHARMA,INE044A01036,FY23,Q2,Unaudited,1,0,parsed
SUNPHARMA,INE044A01036,FY23,Q3,Audited,1,0,parsed
SUNPHARMA,INE044A01036,FY23,Q3,Unaudited,0,1,filed_not_parsed
SUNPHARMA,INE044A01036,FY23,Q3,unknown,0,1,filed_not_parsed
SUNPHARMA,INE044A01036,FY23,Q4,Audited,1,1,parsed
SUNPHARMA,INE044A01036,FY23,FY,Audited,1,0,parsed
SUNPHARMA,INE044A01036,FY24,Q1,Unaudited,1,1,parsed
SUNPHARMA,INE044A01036,FY24,Q1,unknown,0,1,filed_not_parsed
SUNPHARMA,INE044A01036,FY24,Q2,Unaudited,1,1,parsed
SUNPHARMA,INE044A01036,FY24,Q3,Unaudited,0,1,filed_not_parsed
SUNPHARMA,INE044A01036,FY24,Q4,Audited,1,1,parsed
SUNPHARMA,INE044A01036,FY24,FY,Audited,1,0,parsed
SUNPHARMA,INE044A01036,FY25,Q1,Unaudited,1,1,parsed
SUNPHARMA,INE044A01036,FY25,Q2,Unaudited,1,1,parsed
SUNPHARMA,INE044A01036,FY25,Q3,Audited,1,0,parsed
SUNPHARMA,INE044A01036,FY25,Q3,Unaudited,0,1,filed_not_parsed
SUNPHARMA,INE044A01036,FY25,Q4,Audited,1,1,parsed
SUNPHARMA,INE044A01036,FY25,FY,Audited,1,0,parsed
SUNPHARMA,INE044A01036,FY26,Q1,Unaudited,1,0,parsed
SUNPHARMA,INE044A01036,FY26,Q2,Unaudited,0,1,filed_not_parsed
SUNPHARMA,INE044A01036,FY26,Q3,Audited,1,0,parsed
SUNPHARMA,INE044A01036,FY26,Q4,Audited,1,1,parsed
SUNPHARMA,INE044A01036,FY26,FY,Audited,1,0,parsed
SUNTV,INE424H01027,FY24,Q3,unknown,1,0,parsed
SUNTV,INE424H01027,FY24,Q4,unknown,1,0,parsed
SUNTV,INE424H01027,FY25,Q1,unknown,1,0,parsed
SUNTV,INE424H01027,FY25,Q2,unknown,1,0,parsed
SUNTV,INE424H01027,FY25,Q3,unknown,1,0,parsed
SWANCORP,INE665A01038,FY24,Q3,unknown,1,0,parsed
SWANCORP,INE665A01038,FY24,Q4,unknown,1,0,parsed
SWANCORP,INE665A01038,FY25,Q1,unknown,1,0,parsed
SWANCORP,INE665A01038,FY25,Q2,unknown,1,0,parsed
SWANCORP,INE665A01038,FY25,Q3,unknown,1,0,parsed
SYNGENE,INE398R01022,FY24,Q3,unknown,1,0,parsed
SYNGENE,INE398R01022,FY24,Q4,unknown,1,0,parsed
SYNGENE,INE398R01022,FY25,Q1,unknown,1,0,parsed
SYNGENE,INE398R01022,FY25,Q2,unknown,1,0,parsed
SYNGENE,INE398R01022,FY25,Q3,unknown,1,0,parsed
SYRMA,INE0DYJ01015,FY24,Q4,unknown,1,0,parsed
SYRMA,INE0DYJ01015,FY25,Q1,unknown,1,0,parsed
SYRMA,INE0DYJ01015,FY25,Q2,unknown,1,0,parsed
SYRMA,INE0DYJ01015,FY25,Q3,unknown,1,0,parsed
TARIL,INE763I01026,FY24,Q3,unknown,1,0,parsed
TARIL,INE763I01026,FY24,Q4,unknown,1,0,parsed
TARIL,INE763I01026,FY25,Q1,unknown,1,0,parsed
TARIL,INE763I01026,FY25,Q2,unknown,1,0,parsed
TARIL,INE763I01026,FY25,Q3,unknown,1,0,parsed
TATACHEM,INE092A01019,FY24,Q3,unknown,1,0,parsed
TATACHEM,INE092A01019,FY24,Q4,unknown,1,0,parsed
TATACHEM,INE092A01019,FY25,Q1,unknown,1,0,parsed
TATACHEM,INE092A01019,FY25,Q2,unknown,1,0,parsed
TATACHEM,INE092A01019,FY25,Q3,unknown,1,0,parsed
TATACONSUM,INE192A01025,FY22,Q1,unknown,0,1,filed_not_parsed
TATACONSUM,INE192A01025,FY22,Q2,unknown,0,1,filed_not_parsed
TATACONSUM,INE192A01025,FY22,Q3,unknown,0,1,filed_not_parsed
TATACONSUM,INE192A01025,FY22,Q4,unknown,0,2,filed_not_parsed
TATACONSUM,INE192A01025,FY23,Q3,unknown,0,1,filed_not_parsed
TATACONSUM,INE192A01025,FY23,Q4,Audited,0,1,filed_not_parsed
TATACONSUM,INE192A01025,FY23,Q4,unknown,0,2,filed_not_parsed
TATACONSUM,INE192A01025,FY24,Q1,unknown,1,2,parsed
TATACONSUM,INE192A01025,FY24,Q2,unknown,0,2,filed_not_parsed
TATACONSUM,INE192A01025,FY24,Q3,unknown,0,1,filed_not_parsed
TATACONSUM,INE192A01025,FY24,Q4,unknown,1,2,parsed
TATACONSUM,INE192A01025,FY24,FY,unknown,1,0,parsed
TATACONSUM,INE192A01025,FY25,Q1,unknown,1,1,parsed
TATACONSUM,INE192A01025,FY25,Q2,unknown,0,1,filed_not_parsed
TATACONSUM,INE192A01025,FY25,Q3,unknown,0,1,filed_not_parsed
TATACONSUM,INE192A01025,FY26,Q1,Audited,0,1,filed_not_parsed
TATACONSUM,INE192A01025,FY26,Q2,unknown,0,2,filed_not_parsed
TATACONSUM,INE192A01025,FY26,Q3,unknown,0,1,filed_not_parsed
TATACONSUM,INE192A01025,FY26,Q4,unknown,0,1,filed_not_parsed
TATAPOWER,INE245A01021,FY24,Q3,unknown,1,0,parsed
TATAPOWER,INE245A01021,FY24,Q4,unknown,1,0,parsed
TATAPOWER,INE245A01021,FY25,Q1,unknown,1,0,parsed
TATAPOWER,INE245A01021,FY25,Q2,unknown,1,0,parsed
TATAPOWER,INE245A01021,FY25,Q3,unknown,1,0,parsed
TATASTEEL,INE081A01020,FY22,Q1,unknown,0,1,filed_not_parsed
TATASTEEL,INE081A01020,FY22,Q2,unknown,0,1,filed_not_parsed
TATASTEEL,INE081A01020,FY22,Q3,unknown,0,1,filed_not_parsed
TATASTEEL,INE081A01020,FY22,Q4,unknown,0,2,filed_not_parsed
TATASTEEL,INE081A01020,FY23,Q3,unknown,0,1,filed_not_parsed
TATASTEEL,INE081A01020,FY23,Q4,unknown,0,1,filed_not_parsed
TATASTEEL,INE081A01020,FY24,Q1,unknown,0,1,filed_not_parsed
TATASTEEL,INE081A01020,FY24,Q2,unknown,0,1,filed_not_parsed
TATASTEEL,INE081A01020,FY24,Q3,unknown,0,1,filed_not_parsed
TATASTEEL,INE081A01020,FY24,Q4,unknown,0,1,filed_not_parsed
TATASTEEL,INE081A01020,FY25,Q1,unknown,1,1,parsed
TATASTEEL,INE081A01020,FY25,Q2,unknown,0,1,filed_not_parsed
TATASTEEL,INE081A01020,FY25,Q3,unknown,1,1,parsed
TATASTEEL,INE081A01020,FY25,Q4,unknown,1,0,parsed
TATASTEEL,INE081A01020,FY26,Q1,unknown,1,0,parsed
TATASTEEL,INE081A01020,FY26,Q2,unknown,0,1,filed_not_parsed
TATASTEEL,INE081A01020,FY26,Q3,unknown,1,1,parsed
TATASTEEL,INE081A01020,FY26,Q4,unknown,1,1,parsed
TATATECH,INE142M01025,FY24,Q4,unknown,1,0,parsed
TATATECH,INE142M01025,FY25,Q1,unknown,1,0,parsed
TATATECH,INE142M01025,FY25,Q2,unknown,1,0,parsed
TATATECH,INE142M01025,FY25,Q3,unknown,1,0,parsed
TBOTEK,INE673O01025,FY24,Q4,unknown,1,0,parsed
TBOTEK,INE673O01025,FY25,Q1,unknown,1,0,parsed
TBOTEK,INE673O01025,FY25,Q2,unknown,1,0,parsed
TBOTEK,INE673O01025,FY25,Q3,unknown,1,0,parsed
TCS,INE467B01029,FY22,Q1,unknown,1,1,parsed
TCS,INE467B01029,FY22,Q2,unknown,1,1,parsed
TCS,INE467B01029,FY22,Q3,unknown,1,1,parsed
TCS,INE467B01029,FY22,Q4,unknown,1,2,parsed
TCS,INE467B01029,FY22,FY,unknown,1,0,parsed
TCS,INE467B01029,FY23,Q1,unknown,1,1,parsed
TCS,INE467B01029,FY23,Q2,unknown,1,0,parsed
TCS,INE467B01029,FY23,Q3,unknown,1,1,parsed
TCS,INE467B01029,FY23,Q4,unknown,1,1,parsed
TCS,INE467B01029,FY23,FY,unknown,1,0,parsed
TCS,INE467B01029,FY24,Q1,unknown,1,1,parsed
TCS,INE467B01029,FY24,Q2,unknown,1,1,parsed
TCS,INE467B01029,FY24,Q3,unknown,1,1,parsed
TCS,INE467B01029,FY24,Q4,unknown,1,1,parsed
TCS,INE467B01029,FY24,FY,unknown,1,0,parsed
TCS,INE467B01029,FY25,Q1,unknown,1,1,parsed
TCS,INE467B01029,FY25,Q2,unknown,1,1,parsed
TCS,INE467B01029,FY25,Q3,unknown,1,1,parsed
TCS,INE467B01029,FY25,Q4,unknown,1,0,parsed
TCS,INE467B01029,FY25,FY,unknown,1,0,parsed
TCS,INE467B01029,FY26,Q1,unknown,1,0,parsed
TCS,INE467B01029,FY26,Q2,unknown,1,1,parsed
TCS,INE467B01029,FY26,Q3,unknown,1,1,parsed
TCS,INE467B01029,FY26,Q4,unknown,1,1,parsed
TCS,INE467B01029,FY26,FY,unknown,1,0,parsed
TECHM,INE669C01036,FY22,Q1,unknown,1,1,parsed
TECHM,INE669C01036,FY22,Q2,unknown,1,1,parsed
TECHM,INE669C01036,FY22,Q3,unknown,1,1,parsed
TECHM,INE669C01036,FY22,Q4,unknown,1,1,parsed
TECHM,INE669C01036,FY22,FY,unknown,1,0,parsed
TECHM,INE669C01036,FY23,Q1,unknown,1,0,parsed
TECHM,INE669C01036,FY23,Q2,unknown,1,0,parsed
TECHM,INE669C01036,FY23,Q3,unknown,1,1,parsed
TECHM,INE669C01036,FY23,Q4,unknown,1,1,parsed
TECHM,INE669C01036,FY23,FY,unknown,1,0,parsed
TECHM,INE669C01036,FY24,Q1,unknown,1,1,parsed
TECHM,INE669C01036,FY24,Q2,unknown,1,1,parsed
TECHM,INE669C01036,FY24,Q3,unknown,1,1,parsed
TECHM,INE669C01036,FY24,Q4,unknown,1,1,parsed
TECHM,INE669C01036,FY24,FY,unknown,1,0,parsed
TECHM,INE669C01036,FY25,Q1,unknown,1,1,parsed
TECHM,INE669C01036,FY25,Q2,unknown,1,1,parsed
TECHM,INE669C01036,FY25,Q3,unknown,1,1,parsed
TECHM,INE669C01036,FY25,Q4,unknown,1,0,parsed
TECHM,INE669C01036,FY25,FY,unknown,1,0,parsed
TECHM,INE669C01036,FY26,Q1,unknown,1,0,parsed
TECHM,INE669C01036,FY26,Q2,unknown,1,2,parsed
TECHM,INE669C01036,FY26,Q3,unknown,1,1,parsed
TECHM,INE669C01036,FY26,Q4,unknown,1,2,parsed
TECHM,INE669C01036,FY26,FY,unknown,1,1,parsed
TECHNOE,INE285K01026,FY24,Q3,unknown,1,0,parsed
TECHNOE,INE285K01026,FY24,Q4,unknown,1,0,parsed
TECHNOE,INE285K01026,FY25,Q1,unknown,1,0,parsed
TECHNOE,INE285K01026,FY25,Q2,unknown,1,0,parsed
TECHNOE,INE285K01026,FY25,Q3,unknown,1,0,parsed
TEJASNET,INE010J01012,FY24,Q4,unknown,1,0,parsed
TEJASNET,INE010J01012,FY25,Q1,unknown,1,0,parsed
TEJASNET,INE010J01012,FY25,Q2,unknown,1,0,parsed
TEJASNET,INE010J01012,FY25,Q3,unknown,1,0,parsed
TIMKEN,INE325A01013,FY24,Q3,unknown,1,0,parsed
TIMKEN,INE325A01013,FY24,Q4,unknown,1,0,parsed
TIMKEN,INE325A01013,FY25,Q1,unknown,1,0,parsed
TIMKEN,INE325A01013,FY25,Q2,unknown,1,0,parsed
TIMKEN,INE325A01013,FY25,Q3,unknown,1,0,parsed
TITAGARH,INE615H01020,FY24,Q3,unknown,1,0,parsed
TITAGARH,INE615H01020,FY24,Q4,unknown,1,0,parsed
TITAGARH,INE615H01020,FY25,Q1,unknown,1,0,parsed
TITAGARH,INE615H01020,FY25,Q2,unknown,1,0,parsed
TITAGARH,INE615H01020,FY25,Q3,unknown,1,0,parsed
TITAN,INE280A01028,FY22,Q1,unknown,0,1,filed_not_parsed
TITAN,INE280A01028,FY22,Q2,unknown,0,1,filed_not_parsed
TITAN,INE280A01028,FY22,Q3,unknown,0,1,filed_not_parsed
TITAN,INE280A01028,FY22,Q4,unknown,0,1,filed_not_parsed
TITAN,INE280A01028,FY23,Q3,unknown,0,1,filed_not_parsed
TITAN,INE280A01028,FY23,Q4,unknown,0,1,filed_not_parsed
TITAN,INE280A01028,FY24,Q1,Unaudited,0,1,filed_not_parsed
TITAN,INE280A01028,FY24,Q1,unknown,0,1,filed_not_parsed
TITAN,INE280A01028,FY24,Q2,unknown,0,1,filed_not_parsed
TITAN,INE280A01028,FY24,Q3,unknown,0,1,filed_not_parsed
TITAN,INE280A01028,FY24,Q4,unknown,0,1,filed_not_parsed
TITAN,INE280A01028,FY25,Q1,unknown,0,1,filed_not_parsed
TITAN,INE280A01028,FY25,Q2,unknown,0,1,filed_not_parsed
TITAN,INE280A01028,FY25,Q3,unknown,0,1,filed_not_parsed
TITAN,INE280A01028,FY25,FY,unknown,1,0,parsed
TITAN,INE280A01028,FY26,Q2,unknown,0,1,filed_not_parsed
TITAN,INE280A01028,FY26,Q3,unknown,0,1,filed_not_parsed
TITAN,INE280A01028,FY26,Q4,unknown,0,1,filed_not_parsed
TMPV,INE155A01022,FY22,Q1,unknown,1,1,parsed
TMPV,INE155A01022,FY22,Q2,unknown,1,1,parsed
TMPV,INE155A01022,FY22,Q3,unknown,1,1,parsed
TMPV,INE155A01022,FY22,Q4,Audited,0,1,filed_not_parsed
TMPV,INE155A01022,FY22,Q4,unknown,1,1,parsed
TMPV,INE155A01022,FY22,FY,unknown,1,0,parsed
TMPV,INE155A01022,FY23,Q2,unknown,1,0,parsed
TMPV,INE155A01022,FY23,Q3,unknown,1,1,parsed
TMPV,INE155A01022,FY23,Q4,unknown,1,1,parsed
TMPV,INE155A01022,FY23,FY,unknown,1,0,parsed
TMPV,INE155A01022,FY24,Q1,unknown,1,1,parsed
TMPV,INE155A01022,FY24,Q2,unknown,1,1,parsed
TMPV,INE155A01022,FY24,Q3,unknown,1,1,parsed
TMPV,INE155A01022,FY24,Q4,unknown,1,1,parsed
TMPV,INE155A01022,FY25,Q1,unknown,1,1,parsed
TMPV,INE155A01022,FY25,Q2,unknown,1,1,parsed
TMPV,INE155A01022,FY25,Q3,unknown,1,1,parsed
TMPV,INE155A01022,FY25,Q4,unknown,1,0,parsed
TMPV,INE155A01022,FY26,Q1,unknown,1,0,parsed
TMPV,INE155A01022,FY26,Q2,unknown,1,1,parsed
TMPV,INE155A01022,FY26,Q3,unknown,1,1,parsed
TMPV,INE155A01022,FY26,Q4,unknown,1,1,parsed
TORNTPHARM,INE685A01028,FY25,Q3,unknown,1,0,parsed
TORNTPHARM,INE685A01028,FY25,Q4,unknown,2,0,parsed
TORNTPHARM,INE685A01028,FY25,FY,unknown,1,0,parsed
TORNTPHARM,INE685A01028,FY26,Q1,unknown,1,0,parsed
TORNTPHARM,INE685A01028,FY26,Q2,unknown,1,0,parsed
TORNTPHARM,INE685A01028,FY26,Q3,unknown,1,0,parsed
TORNTPHARM,INE685A01028,FY26,Q4,unknown,2,0,parsed
TORNTPHARM,INE685A01028,FY26,FY,unknown,1,0,parsed
TRENT,INE849A01020,FY22,Q1,Audited,0,1,filed_not_parsed
TRENT,INE849A01020,FY22,Q1,unknown,0,1,filed_not_parsed
TRENT,INE849A01020,FY22,Q2,Unaudited,1,1,parsed
TRENT,INE849A01020,FY22,Q2,unknown,0,1,filed_not_parsed
TRENT,INE849A01020,FY22,Q3,Unaudited,0,1,filed_not_parsed
TRENT,INE849A01020,FY22,Q3,unknown,0,1,filed_not_parsed
TRENT,INE849A01020,FY22,Q4,Audited,0,1,filed_not_parsed
TRENT,INE849A01020,FY22,Q4,Unaudited,0,1,filed_not_parsed
TRENT,INE849A01020,FY22,Q4,unknown,0,1,filed_not_parsed
TRENT,INE849A01020,FY23,Q1,Unaudited,1,1,parsed
TRENT,INE849A01020,FY23,Q3,unknown,0,1,filed_not_parsed
TRENT,INE849A01020,FY23,Q4,Audited,0,1,filed_not_parsed
TRENT,INE849A01020,FY23,Q4,unknown,0,1,filed_not_parsed
TRENT,INE849A01020,FY24,Q1,Unaudited,0,1,filed_not_parsed
TRENT,INE849A01020,FY24,Q1,unknown,0,1,filed_not_parsed
TRENT,INE849A01020,FY24,Q2,unknown,0,1,filed_not_parsed
TRENT,INE849A01020,FY24,Q3,unknown,0,1,filed_not_parsed
TRENT,INE849A01020,FY24,Q4,Unaudited,0,1,filed_not_parsed
TRENT,INE849A01020,FY24,Q4,unknown,0,1,filed_not_parsed
TRENT,INE849A01020,FY24,FY,Audited,0,2,filed_not_parsed
TRENT,INE849A01020,FY25,Q1,Unaudited,0,1,filed_not_parsed
TRENT,INE849A01020,FY25,Q1,unknown,0,1,filed_not_parsed
TRENT,INE849A01020,FY25,Q2,unknown,0,2,filed_not_parsed
TRENT,INE849A01020,FY25,Q3,unknown,0,1,filed_not_parsed
TRENT,INE849A01020,FY25,Q4,unknown,0,1,filed_not_parsed
TRENT,INE849A01020,FY26,Q2,Unaudited,0,1,filed_not_parsed
TRENT,INE849A01020,FY26,Q3,Unaudited,0,1,filed_not_parsed
TRENT,INE849A01020,FY26,Q4,Unaudited,0,1,filed_not_parsed
TRENT,INE849A01020,FY26,FY,Audited,0,1,filed_not_parsed
TRIDENT,INE064C01022,FY24,Q3,unknown,1,0,parsed
TRIDENT,INE064C01022,FY24,Q4,unknown,1,0,parsed
TRIDENT,INE064C01022,FY25,Q1,unknown,1,0,parsed
TRIDENT,INE064C01022,FY25,Q2,unknown,1,0,parsed
TRIDENT,INE064C01022,FY25,Q3,unknown,1,0,parsed
TRITURBINE,INE152M01016,FY24,Q3,unknown,1,0,parsed
TRITURBINE,INE152M01016,FY24,Q4,unknown,1,0,parsed
TRITURBINE,INE152M01016,FY25,Q1,unknown,1,0,parsed
TRITURBINE,INE152M01016,FY25,Q2,unknown,1,0,parsed
TRITURBINE,INE152M01016,FY25,Q3,unknown,1,0,parsed
TTML,INE517B01013,FY24,Q3,unknown,1,0,parsed
TTML,INE517B01013,FY24,Q4,unknown,1,0,parsed
TTML,INE517B01013,FY25,Q1,unknown,1,0,parsed
TTML,INE517B01013,FY25,Q2,unknown,1,0,parsed
TTML,INE517B01013,FY25,Q3,unknown,1,0,parsed
TVSMOTOR,INE494B01023,FY25,FY,unknown,1,0,parsed
TVSMOTOR,INE494B01023,FY26,FY,unknown,1,0,parsed
UCOBANK,INE691A01018,FY24,Q3,unknown,1,0,parsed
UCOBANK,INE691A01018,FY24,Q4,unknown,1,0,parsed
UCOBANK,INE691A01018,FY25,Q1,unknown,1,0,parsed
UCOBANK,INE691A01018,FY25,Q2,unknown,1,0,parsed
UCOBANK,INE691A01018,FY25,Q3,unknown,1,0,parsed
ULTRACEMCO,INE481G01011,FY22,Q1,unknown,0,1,filed_not_parsed
ULTRACEMCO,INE481G01011,FY22,Q2,unknown,0,1,filed_not_parsed
ULTRACEMCO,INE481G01011,FY22,Q3,unknown,0,2,filed_not_parsed
ULTRACEMCO,INE481G01011,FY22,Q4,unknown,0,1,filed_not_parsed
ULTRACEMCO,INE481G01011,FY23,Q3,unknown,0,1,filed_not_parsed
ULTRACEMCO,INE481G01011,FY23,Q4,unknown,0,1,filed_not_parsed
ULTRACEMCO,INE481G01011,FY24,Q1,unknown,0,1,filed_not_parsed
ULTRACEMCO,INE481G01011,FY24,Q2,unknown,0,1,filed_not_parsed
ULTRACEMCO,INE481G01011,FY24,Q3,unknown,0,2,filed_not_parsed
ULTRACEMCO,INE481G01011,FY24,Q4,unknown,0,1,filed_not_parsed
ULTRACEMCO,INE481G01011,FY25,Q1,unknown,0,1,filed_not_parsed
ULTRACEMCO,INE481G01011,FY25,Q2,unknown,0,1,filed_not_parsed
ULTRACEMCO,INE481G01011,FY25,Q3,unknown,0,1,filed_not_parsed
ULTRACEMCO,INE481G01011,FY25,FY,unknown,1,0,parsed
ULTRACEMCO,INE481G01011,FY26,Q2,unknown,0,1,filed_not_parsed
ULTRACEMCO,INE481G01011,FY26,Q3,unknown,0,1,filed_not_parsed
ULTRACEMCO,INE481G01011,FY26,Q4,unknown,0,1,filed_not_parsed
ULTRACEMCO,INE481G01011,FY26,FY,unknown,1,0,parsed
UNIONBANK,INE692A01016,FY24,Q3,unknown,1,0,parsed
UNIONBANK,INE692A01016,FY24,Q4,unknown,1,0,parsed
UNIONBANK,INE692A01016,FY25,Q1,unknown,1,0,parsed
UNIONBANK,INE692A01016,FY25,Q2,unknown,1,0,parsed
UNIONBANK,INE692A01016,FY25,Q3,unknown,1,0,parsed
UNITDSPR,INE854D01024,FY24,Q3,unknown,1,0,parsed
UNITDSPR,INE854D01024,FY24,Q4,unknown,1,0,parsed
UNITDSPR,INE854D01024,FY25,Q1,unknown,1,0,parsed
UNITDSPR,INE854D01024,FY25,Q2,unknown,1,0,parsed
UNITDSPR,INE854D01024,FY25,Q3,unknown,1,0,parsed
USHAMART,INE228A01035,FY24,Q3,unknown,1,0,parsed
USHAMART,INE228A01035,FY24,Q4,unknown,1,0,parsed
USHAMART,INE228A01035,FY25,Q1,unknown,1,0,parsed
USHAMART,INE228A01035,FY25,Q2,unknown,1,0,parsed
USHAMART,INE228A01035,FY25,Q3,unknown,1,0,parsed
UTIAMC,INE094J01016,FY24,Q3,unknown,1,0,parsed
UTIAMC,INE094J01016,FY24,Q4,unknown,1,0,parsed
UTIAMC,INE094J01016,FY25,Q1,unknown,1,0,parsed
UTIAMC,INE094J01016,FY25,Q2,unknown,1,0,parsed
UTIAMC,INE094J01016,FY25,Q3,unknown,1,0,parsed
VBL,INE200M01039,FY24,Q3,unknown,1,0,parsed
VBL,INE200M01039,FY24,Q4,unknown,1,0,parsed
VBL,INE200M01039,FY25,Q1,unknown,1,0,parsed
VBL,INE200M01039,FY25,Q2,unknown,1,0,parsed
VBL,INE200M01039,FY25,Q3,unknown,1,0,parsed
VEDL,INE205A01025,FY24,Q3,unknown,1,0,parsed
VEDL,INE205A01025,FY24,Q4,unknown,1,0,parsed
VEDL,INE205A01025,FY25,Q1,unknown,1,0,parsed
VEDL,INE205A01025,FY25,Q2,unknown,1,0,parsed
VEDL,INE205A01025,FY25,Q3,unknown,1,0,parsed
VIJAYA,INE043W01024,FY24,Q3,unknown,1,0,parsed
VIJAYA,INE043W01024,FY24,Q4,unknown,1,0,parsed
VIJAYA,INE043W01024,FY25,Q1,unknown,1,0,parsed
VIJAYA,INE043W01024,FY25,Q2,unknown,1,0,parsed
VIJAYA,INE043W01024,FY25,Q3,unknown,1,0,parsed
VTL,INE825A01020,FY24,Q3,unknown,1,0,parsed
VTL,INE825A01020,FY24,Q4,unknown,1,0,parsed
VTL,INE825A01020,FY25,Q1,unknown,1,0,parsed
VTL,INE825A01020,FY25,Q2,unknown,1,0,parsed
VTL,INE825A01020,FY25,Q3,unknown,1,0,parsed
WELCORP,INE191B01025,FY24,Q3,unknown,1,0,parsed
WELCORP,INE191B01025,FY24,Q4,unknown,1,0,parsed
WELCORP,INE191B01025,FY25,Q1,unknown,1,0,parsed
WELCORP,INE191B01025,FY25,Q2,unknown,1,0,parsed
WELCORP,INE191B01025,FY25,Q3,unknown,1,0,parsed
WELSPUNLIV,INE192B01031,FY24,Q3,unknown,1,0,parsed
WELSPUNLIV,INE192B01031,FY24,Q4,unknown,1,0,parsed
WELSPUNLIV,INE192B01031,FY25,Q1,unknown,1,0,parsed
WELSPUNLIV,INE192B01031,FY25,Q2,unknown,1,0,parsed
WELSPUNLIV,INE192B01031,FY25,Q3,unknown,1,0,parsed
WHIRLPOOL,INE716A01013,FY24,Q3,unknown,1,0,parsed
WHIRLPOOL,INE716A01013,FY24,Q4,unknown,1,0,parsed
WHIRLPOOL,INE716A01013,FY25,Q1,unknown,1,0,parsed
WHIRLPOOL,INE716A01013,FY25,Q2,unknown,1,0,parsed
WHIRLPOOL,INE716A01013,FY25,Q3,unknown,1,0,parsed
WIPRO,INE075A01022,FY22,Q1,unknown,1,1,parsed
WIPRO,INE075A01022,FY22,Q2,unknown,1,2,parsed
WIPRO,INE075A01022,FY22,Q3,unknown,1,1,parsed
WIPRO,INE075A01022,FY22,Q4,unknown,1,1,parsed
WIPRO,INE075A01022,FY22,FY,unknown,1,0,parsed
WIPRO,INE075A01022,FY23,Q1,unknown,1,0,parsed
WIPRO,INE075A01022,FY23,Q2,unknown,1,0,parsed
WIPRO,INE075A01022,FY23,Q3,unknown,1,1,parsed
WIPRO,INE075A01022,FY23,Q4,unknown,1,1,parsed
WIPRO,INE075A01022,FY23,FY,unknown,1,0,parsed
WIPRO,INE075A01022,FY24,Q1,unknown,1,1,parsed
WIPRO,INE075A01022,FY24,Q2,unknown,1,2,parsed
WIPRO,INE075A01022,FY24,Q3,unknown,1,1,parsed
WIPRO,INE075A01022,FY24,Q4,unknown,1,1,parsed
WIPRO,INE075A01022,FY24,FY,unknown,1,0,parsed
WIPRO,INE075A01022,FY25,Q1,unknown,1,1,parsed
WIPRO,INE075A01022,FY25,Q2,unknown,1,1,parsed
WIPRO,INE075A01022,FY25,Q3,unknown,1,1,parsed
WIPRO,INE075A01022,FY25,Q4,unknown,1,0,parsed
WIPRO,INE075A01022,FY25,FY,unknown,1,0,parsed
WIPRO,INE075A01022,FY26,Q1,unknown,1,0,parsed
WIPRO,INE075A01022,FY26,Q2,unknown,1,1,parsed
WIPRO,INE075A01022,FY26,Q3,unknown,1,2,parsed
WIPRO,INE075A01022,FY26,Q4,unknown,1,1,parsed
WIPRO,INE075A01022,FY26,FY,unknown,1,0,parsed
WOCKPHARMA,INE049B01025,FY24,Q3,unknown,1,0,parsed
WOCKPHARMA,INE049B01025,FY24,Q4,unknown,1,0,parsed
WOCKPHARMA,INE049B01025,FY25,Q1,unknown,1,0,parsed
WOCKPHARMA,INE049B01025,FY25,Q2,unknown,1,0,parsed
WOCKPHARMA,INE049B01025,FY25,Q3,unknown,1,0,parsed
ZEEL,INE256A01028,FY24,Q3,unknown,1,0,parsed
ZEEL,INE256A01028,FY24,Q4,unknown,1,0,parsed
ZEEL,INE256A01028,FY25,Q1,unknown,1,0,parsed
ZEEL,INE256A01028,FY25,Q2,unknown,1,0,parsed
ZEEL,INE256A01028,FY25,Q3,unknown,1,0,parsed
ZENSARTECH,INE520A01027,FY24,Q3,unknown,1,0,parsed
ZENSARTECH,INE520A01027,FY24,Q4,unknown,1,0,parsed
ZENSARTECH,INE520A01027,FY25,Q1,unknown,1,0,parsed
ZENSARTECH,INE520A01027,FY25,Q2,unknown,1,0,parsed
ZENSARTECH,INE520A01027,FY25,Q3,unknown,1,0,parsed
ZENTEC,INE251B01027,FY24,Q3,unknown,1,0,parsed
ZENTEC,INE251B01027,FY24,Q4,unknown,1,0,parsed
ZENTEC,INE251B01027,FY25,Q1,unknown,1,0,parsed
ZENTEC,INE251B01027,FY25,Q2,unknown,1,0,parsed
ZENTEC,INE251B01027,FY25,Q3,unknown,1,0,parsed
ZFCVINDIA,INE342J01019,FY24,Q3,unknown,1,0,parsed
ZFCVINDIA,INE342J01019,FY24,Q4,unknown,1,0,parsed
ZFCVINDIA,INE342J01019,FY25,Q1,unknown,1,0,parsed
ZFCVINDIA,INE342J01019,FY25,Q2,unknown,1,0,parsed
ZFCVINDIA,INE342J01019,FY25,Q3,unknown,1,0,parsed
ZYDUSLIFE,INE010B01027,FY24,Q3,unknown,1,0,parsed
ZYDUSLIFE,INE010B01027,FY24,Q4,unknown,1,0,parsed
ZYDUSLIFE,INE010B01027,FY25,Q1,unknown,1,0,parsed
ZYDUSLIFE,INE010B01027,FY25,Q2,unknown,1,0,parsed
ZYDUSLIFE,INE010B01027,FY25,Q3,unknown,1,0,parsed
ZYDUSWELL,INE768C01028,FY24,Q3,unknown,1,0,parsed
ZYDUSWELL,INE768C01028,FY24,Q4,unknown,1,0,parsed
ZYDUSWELL,INE768C01028,FY25,Q1,unknown,1,0,parsed
ZYDUSWELL,INE768C01028,FY25,Q2,unknown,1,0,parsed
ZYDUSWELL,INE768C01028,FY25,Q3,unknown,1,0,parsed
